Query,Line Number,Seed,Link,Rising Value,idType,tagType,Date
1000-LB Sisters,1,1000 pound sisters,https://trends.google.ca/trends/explore?q=1000+pound+sisters&date=now+1-d&geo=US,+80%,216,TV Show,2024-10-02
1000-LB Sisters,2,1000-lb sisters death,https://trends.google.ca/trends/explore?q=1000-lb+sisters+death&date=now+1-d&geo=US,+70%,216,TV Show,2024-10-02
1000-LB Sisters,3,1000-lb sisters baby found dead,https://trends.google.ca/trends/explore?q=1000-lb+sisters+baby+found+dead&date=now+1-d&geo=US,+50%,216,TV Show,2024-10-02
1000-LB Sisters,4,1000-lb sisters season 5 release date,https://trends.google.ca/trends/explore?q=1000-lb+sisters+season+5+release+date&date=now+1-d&geo=US,+50%,216,TV Show,2024-10-02
