Query,Line Number,Seed,Link,Rising Value,Date
 Acting,1,Letitia wright,https://trends.google.ca/trends/explore?q=letitia+wright&date=now+7-d&geo=CA,Breakout,2024-09-26
 Acting,2,The __________ speeds up the passage of electrical messages by acting as an insulator of the neuronal signal.,https://trends.google.ca/trends/explore?q=the+__________+speeds+up+the+passage+of+electrical+messages+by+acting+as+an+insulator+of+the+neuronal+signal.&date=now+7-d&geo=CA,Breakout,2024-09-26
 Acting,3,My dog is drooling and acting strange,https://trends.google.ca/trends/explore?q=my+dog+is+drooling+and+acting+strange&date=now+7-d&geo=CA,Breakout,2024-09-26
 Acting,4,Jackie chan,https://trends.google.ca/trends/explore?q=jackie+chan&date=now+7-d&geo=CA,Breakout,2024-09-26
 Acting,5,Samoa joe voice acting,https://trends.google.ca/trends/explore?q=samoa+joe+voice+acting&date=now+7-d&geo=CA,"+3,100%",2024-09-26
 Acting,6,Acting crazy,https://trends.google.ca/trends/explore?q=acting+crazy&date=now+7-d&geo=CA,+50%,2024-09-26
 Acting,7,Acting classes vancouver,https://trends.google.ca/trends/explore?q=acting+classes+vancouver&date=now+7-d&geo=CA,+40%,2024-09-26
