Query,Line Number,Seed,Link,Rising Value,idType,tagType,Date
Ahsoka,1,Ahsoka imdb,https://trends.google.ca/trends/explore?q=ahsoka+imdb&date=now+1-d&geo=US,Breakout,216,TV Show,2024-10-02
Ahsoka,2,Morgan elsbeth,https://trends.google.ca/trends/explore?q=morgan+elsbeth&date=now+1-d&geo=US,Breakout,216,TV Show,2024-10-02
Ahsoka,3,Ahsoka patterson cut,https://trends.google.ca/trends/explore?q=ahsoka+patterson+cut&date=now+1-d&geo=US,+190%,216,TV Show,2024-10-02
Ahsoka,4,Ahsoka season 2 release date,https://trends.google.ca/trends/explore?q=ahsoka+season+2+release+date&date=now+1-d&geo=US,+60%,216,TV Show,2024-10-02
Ahsoka,5,How did ahsoka die,https://trends.google.ca/trends/explore?q=how+did+ahsoka+die&date=now+1-d&geo=US,+60%,216,TV Show,2024-10-02
Ahsoka,6,Padme,https://trends.google.ca/trends/explore?q=padme&date=now+1-d&geo=US,+50%,216,TV Show,2024-10-02
Ahsoka,7,Ahsoka tv show,https://trends.google.ca/trends/explore?q=ahsoka+tv+show&date=now+1-d&geo=US,+50%,216,TV Show,2024-10-02
