Query,Line Number,Seed,Link,Rising Value,idType,tagType,Date
 Aliens,1,Fact check debate,https://trends.google.ca/trends/explore?q=fact+check+debate&date=now+1-d&geo=US,Breakout,154,Movie,2024-10-02
 Aliens,2,Aliens from signs,https://trends.google.ca/trends/explore?q=aliens+from+signs&date=now+1-d&geo=US,Breakout,154,Movie,2024-10-02
 Aliens,3,Arnold schwarzenegger,https://trends.google.ca/trends/explore?q=arnold+schwarzenegger&date=now+1-d&geo=US,Breakout,154,Movie,2024-10-02
 Aliens,4,How many illegal aliens in us,https://trends.google.ca/trends/explore?q=how+many+illegal+aliens+in+us&date=now+1-d&geo=US,+850%,154,Movie,2024-10-02
 Aliens,5,How many illegal aliens in the us,https://trends.google.ca/trends/explore?q=how+many+illegal+aliens+in+the+us&date=now+1-d&geo=US,+750%,154,Movie,2024-10-02
 Aliens,6,How many illegal aliens in the united states,https://trends.google.ca/trends/explore?q=how+many+illegal+aliens+in+the+united+states&date=now+1-d&geo=US,+600%,154,Movie,2024-10-02
 Aliens,7,Illegal aliens in us,https://trends.google.ca/trends/explore?q=illegal+aliens+in+us&date=now+1-d&geo=US,+500%,154,Movie,2024-10-02
 Aliens,8,Illegal,https://trends.google.ca/trends/explore?q=illegal&date=now+1-d&geo=US,+140%,154,Movie,2024-10-02
 Aliens,9,Illegal aliens,https://trends.google.ca/trends/explore?q=illegal+aliens&date=now+1-d&geo=US,+140%,154,Movie,2024-10-02
