Query,Line Number,Seed,Link,Rising Value,idType,tagType,Date
Army of the Dead,1,Evil dead 2,https://trends.google.ca/trends/explore?q=evil+dead+2&date=now+1-d&geo=US,+130%,154,Movie,2024-10-02
Army of the Dead,2,Army of the dead las vegas,https://trends.google.ca/trends/explore?q=army+of+the+dead+las+vegas&date=now+1-d&geo=US,+100%,154,Movie,2024-10-02
Army of the Dead,3,Dave bautista,https://trends.google.ca/trends/explore?q=dave+bautista&date=now+1-d&geo=US,+90%,154,Movie,2024-10-02
Army of the Dead,4,Matthias schweighöfer,https://trends.google.ca/trends/explore?q=matthias+schweigh%C3%B6fer&date=now+1-d&geo=US,+80%,154,Movie,2024-10-02
