Query,Line Number,Seed,Link,Rising Value,idType,tagType,Date
Army of the Dead,1,Dave bautista,https://trends.google.ca/trends/explore?q=dave+bautista&date=now+1-d&geo=US,Breakout,154,Movie,2024-10-02
Army of the Dead,2,Ella purnell,https://trends.google.ca/trends/explore?q=ella+purnell&date=now+1-d&geo=US,+110%,154,Movie,2024-10-02
Army of the Dead,3,Evil dead 2,https://trends.google.ca/trends/explore?q=evil+dead+2&date=now+1-d&geo=US,+90%,154,Movie,2024-10-02
Army of the Dead,4,Army of the dead las vegas,https://trends.google.ca/trends/explore?q=army+of+the+dead+las+vegas&date=now+1-d&geo=US,+60%,154,Movie,2024-10-02
Army of the Dead,5,Evil dead,https://trends.google.ca/trends/explore?q=evil+dead&date=now+1-d&geo=US,+40%,154,Movie,2024-10-02
