Query,Line Number,Seed,Link,Rising Value,idType,tagType,Date
Batman Beyond,1,Batman beyond dee dee,https://trends.google.ca/trends/explore?q=batman+beyond+dee+dee&date=now+1-d&geo=US,Breakout,216,TV Show,2024-10-02
Batman Beyond,2,Batman begins,https://trends.google.ca/trends/explore?q=batman+begins&date=now+1-d&geo=US,Breakout,216,TV Show,2024-10-02
Batman Beyond,3,Batman beyond villains,https://trends.google.ca/trends/explore?q=batman+beyond+villains&date=now+1-d&geo=US,+350%,216,TV Show,2024-10-02
Batman Beyond,4,Batman beyond suit arkham knight,https://trends.google.ca/trends/explore?q=batman+beyond+suit+arkham+knight&date=now+1-d&geo=US,+60%,216,TV Show,2024-10-02
