Query,Line Number,Seed,Link,Rising Value,idType,tagType,Date
Battlestar Galactica,1,Breaking bad,https://trends.google.ca/trends/explore?q=breaking+bad&date=now+1-d&geo=US,Breakout,216,TV Show,2024-10-02
Battlestar Galactica,2,Lucy lawless battlestar galactica,https://trends.google.ca/trends/explore?q=lucy+lawless+battlestar+galactica&date=now+1-d&geo=US,Breakout,216,TV Show,2024-10-02
Battlestar Galactica,3,Brooklyn 99,https://trends.google.ca/trends/explore?q=brooklyn+99&date=now+1-d&geo=US,+300%,216,TV Show,2024-10-02
Battlestar Galactica,4,Battlestar galactica reboot,https://trends.google.ca/trends/explore?q=battlestar+galactica+reboot&date=now+1-d&geo=US,+150%,216,TV Show,2024-10-02
Battlestar Galactica,5,Battlestar galactica razor,https://trends.google.ca/trends/explore?q=battlestar+galactica+razor&date=now+1-d&geo=US,+100%,216,TV Show,2024-10-02
Battlestar Galactica,6,Beets bears battlestar galactica,https://trends.google.ca/trends/explore?q=beets+bears+battlestar+galactica&date=now+1-d&geo=US,+90%,216,TV Show,2024-10-02
Battlestar Galactica,7,Battlestar galactica streaming,https://trends.google.ca/trends/explore?q=battlestar+galactica+streaming&date=now+1-d&geo=US,+60%,216,TV Show,2024-10-02
Battlestar Galactica,8,Battlestar galactica the plan,https://trends.google.ca/trends/explore?q=battlestar+galactica+the+plan&date=now+1-d&geo=US,+40%,216,TV Show,2024-10-02
Battlestar Galactica,9,Battlestar galactica cylon,https://trends.google.ca/trends/explore?q=battlestar+galactica+cylon&date=now+1-d&geo=US,+40%,216,TV Show,2024-10-02
