Query,Line Number,Seed,Link,Rising Value,idType,tagType,Date
Batwoman,1,Cat woman,https://trends.google.ca/trends/explore?q=cat+woman&date=now+1-d&geo=US,Breakout,216,TV Show,2024-10-02
Batwoman,2,Cw batwoman,https://trends.google.ca/trends/explore?q=cw+batwoman&date=now+1-d&geo=US,Breakout,216,TV Show,2024-10-02
Batwoman,3,Catwoman costume,https://trends.google.ca/trends/explore?q=catwoman+costume&date=now+1-d&geo=US,+130%,216,TV Show,2024-10-02
Batwoman,4,Batwoman episodes,https://trends.google.ca/trends/explore?q=batwoman+episodes&date=now+1-d&geo=US,+100%,216,TV Show,2024-10-02
Batwoman,5,Crisis on infinite earths,https://trends.google.ca/trends/explore?q=crisis+on+infinite+earths&date=now+1-d&geo=US,+50%,216,TV Show,2024-10-02
Batwoman,6,Batman,https://trends.google.ca/trends/explore?q=batman&date=now+1-d&geo=US,+40%,216,TV Show,2024-10-02
