Query,Line Number,Seed,Link,Rising Value,idType,tagType,Date
Beetlejuice,1,Why is beetlejuice spelled differently in the movie,https://trends.google.ca/trends/explore?q=why+is+beetlejuice+spelled+differently+in+the+movie&date=now+1-d&geo=US,+160%,154,Movie,2024-10-02
Beetlejuice,2,The crow 2024,https://trends.google.ca/trends/explore?q=the+crow+2024&date=now+1-d&geo=US,+90%,154,Movie,2024-10-02
Beetlejuice,3,Casper,https://trends.google.ca/trends/explore?q=casper&date=now+1-d&geo=US,+60%,154,Movie,2024-10-02
Beetlejuice,4,Beetlejuice ex wife,https://trends.google.ca/trends/explore?q=beetlejuice+ex+wife&date=now+1-d&geo=US,+60%,154,Movie,2024-10-02
Beetlejuice,5,When will beetlejuice 2 be streaming,https://trends.google.ca/trends/explore?q=when+will+beetlejuice+2+be+streaming&date=now+1-d&geo=US,+60%,154,Movie,2024-10-02
Beetlejuice,6,Beetlejuice 2 digital release date,https://trends.google.ca/trends/explore?q=beetlejuice+2+digital+release+date&date=now+1-d&geo=US,+50%,154,Movie,2024-10-02
Beetlejuice,7,What happens if you say beetlejuice 3 times,https://trends.google.ca/trends/explore?q=what+happens+if+you+say+beetlejuice+3+times&date=now+1-d&geo=US,+50%,154,Movie,2024-10-02
Beetlejuice,8,Danny elfman,https://trends.google.ca/trends/explore?q=danny+elfman&date=now+1-d&geo=US,+50%,154,Movie,2024-10-02
Beetlejuice,9,Beetlejuice 2 budget,https://trends.google.ca/trends/explore?q=beetlejuice+2+budget&date=now+1-d&geo=US,+50%,154,Movie,2024-10-02
Beetlejuice,10,What is new in beetlejuice beetlejuice,https://trends.google.ca/trends/explore?q=what+is+new+in+beetlejuice+beetlejuice&date=now+1-d&geo=US,+40%,154,Movie,2024-10-02
