Query,Line Number,Seed,Link,Rising Value,idType,tagType,Date
Below Deck,1,Georgia from below deck,https://trends.google.ca/trends/explore?q=georgia+from+below+deck&date=now+1-d&geo=US,Breakout,216,TV Show,2024-10-02
Below Deck,2,Adam glick,https://trends.google.ca/trends/explore?q=adam+glick&date=now+1-d&geo=US,Breakout,216,TV Show,2024-10-02
Below Deck,3,Paget from below deck,https://trends.google.ca/trends/explore?q=paget+from+below+deck&date=now+1-d&geo=US,Breakout,216,TV Show,2024-10-02
Below Deck,4,Madison stalker,https://trends.google.ca/trends/explore?q=madison+stalker&date=now+1-d&geo=US,Breakout,216,TV Show,2024-10-02
Below Deck,5,Jenna macgillivray,https://trends.google.ca/trends/explore?q=jenna+macgillivray&date=now+1-d&geo=US,Breakout,216,TV Show,2024-10-02
Below Deck,6,Kyle below deck season 11,https://trends.google.ca/trends/explore?q=kyle+below+deck+season+11&date=now+1-d&geo=US,Breakout,216,TV Show,2024-10-02
Below Deck,7,Georgia grobler,https://trends.google.ca/trends/explore?q=georgia+grobler&date=now+1-d&geo=US,Breakout,216,TV Show,2024-10-02
Below Deck,8,Lexi below deck mediterranean,https://trends.google.ca/trends/explore?q=lexi+below+deck+mediterranean&date=now+1-d&geo=US,Breakout,216,TV Show,2024-10-02
Below Deck,9,Kate chastain baby daddy,https://trends.google.ca/trends/explore?q=kate+chastain+baby+daddy&date=now+1-d&geo=US,Breakout,216,TV Show,2024-10-02
Below Deck,10,Jill zarin below deck,https://trends.google.ca/trends/explore?q=jill+zarin+below+deck&date=now+1-d&geo=US,Breakout,216,TV Show,2024-10-02
Below Deck,11,Jenna below deck,https://trends.google.ca/trends/explore?q=jenna+below+deck&date=now+1-d&geo=US,+900%,216,TV Show,2024-10-02
Below Deck,12,Jenna and adam below deck,https://trends.google.ca/trends/explore?q=jenna+and+adam+below+deck&date=now+1-d&geo=US,+850%,216,TV Show,2024-10-02
Below Deck,13,Below deck sailing yacht jenna,https://trends.google.ca/trends/explore?q=below+deck+sailing+yacht+jenna&date=now+1-d&geo=US,+800%,216,TV Show,2024-10-02
Below Deck,14,Paget below deck,https://trends.google.ca/trends/explore?q=paget+below+deck&date=now+1-d&geo=US,+750%,216,TV Show,2024-10-02
Below Deck,15,Adam from below deck,https://trends.google.ca/trends/explore?q=adam+from+below+deck&date=now+1-d&geo=US,+750%,216,TV Show,2024-10-02
Below Deck,16,Parker below deck,https://trends.google.ca/trends/explore?q=parker+below+deck&date=now+1-d&geo=US,+550%,216,TV Show,2024-10-02
Below Deck,17,Ciara below deck,https://trends.google.ca/trends/explore?q=ciara+below+deck&date=now+1-d&geo=US,+450%,216,TV Show,2024-10-02
Below Deck,18,Madison below deck,https://trends.google.ca/trends/explore?q=madison+below+deck&date=now+1-d&geo=US,+300%,216,TV Show,2024-10-02
Below Deck,19,Chef adam below deck,https://trends.google.ca/trends/explore?q=chef+adam+below+deck&date=now+1-d&geo=US,+300%,216,TV Show,2024-10-02
Below Deck,20,Adam below deck,https://trends.google.ca/trends/explore?q=adam+below+deck&date=now+1-d&geo=US,+250%,216,TV Show,2024-10-02
Below Deck,21,Georgia below deck,https://trends.google.ca/trends/explore?q=georgia+below+deck&date=now+1-d&geo=US,+200%,216,TV Show,2024-10-02
Below Deck,22,Below deck current season,https://trends.google.ca/trends/explore?q=below+deck+current+season&date=now+1-d&geo=US,+200%,216,TV Show,2024-10-02
Below Deck,23,Below deck season 10,https://trends.google.ca/trends/explore?q=below+deck+season+10&date=now+1-d&geo=US,+60%,216,TV Show,2024-10-02
