Query,Line Number,Seed,Link,Rising Value,idType,tagType,Date
Blade Runner 2049,1,Blade runner 2049 mariette,https://trends.google.ca/trends/explore?q=blade+runner+2049+mariette&date=now+1-d&geo=US,Breakout,154,Movie,2024-10-02
Blade Runner 2049,2,Where can i watch blade runner 2049,https://trends.google.ca/trends/explore?q=where+can+i+watch+blade+runner+2049&date=now+1-d&geo=US,Breakout,154,Movie,2024-10-02
Blade Runner 2049,3,Blade runner 2049 box office,https://trends.google.ca/trends/explore?q=blade+runner+2049+box+office&date=now+1-d&geo=US,Breakout,154,Movie,2024-10-02
Blade Runner 2049,4,Blade runner 2049 soundtrack,https://trends.google.ca/trends/explore?q=blade+runner+2049+soundtrack&date=now+1-d&geo=US,Breakout,154,Movie,2024-10-02
Blade Runner 2049,5,Blade runner 2049 jacket,https://trends.google.ca/trends/explore?q=blade+runner+2049+jacket&date=now+1-d&geo=US,Breakout,154,Movie,2024-10-02
Blade Runner 2049,6,Blade runner 2019,https://trends.google.ca/trends/explore?q=blade+runner+2019&date=now+1-d&geo=US,+50%,154,Movie,2024-10-02
Blade Runner 2049,7,Where to watch blade runner 2049 netflix,https://trends.google.ca/trends/explore?q=where+to+watch+blade+runner+2049+netflix&date=now+1-d&geo=US,+40%,154,Movie,2024-10-02
