Query,Line Number,Seed,Link,Rising Value,idType,tagType,Date
Bling Empire,1,Where to watch bling empire,https://trends.google.ca/trends/explore?q=where+to+watch+bling+empire&date=now+7-d&geo=US,Breakout,216,TV Show,2024-10-03
Bling Empire,2,Kevin kreider,https://trends.google.ca/trends/explore?q=kevin+kreider&date=now+7-d&geo=US,+750%,216,TV Show,2024-10-03
Bling Empire,3,Crazy rich asians,https://trends.google.ca/trends/explore?q=crazy+rich+asians&date=now+7-d&geo=US,+100%,216,TV Show,2024-10-03
Bling Empire,4,Christine bling empire,https://trends.google.ca/trends/explore?q=christine+bling+empire&date=now+7-d&geo=US,+70%,216,TV Show,2024-10-03
Bling Empire,5,Bling empire net worth,https://trends.google.ca/trends/explore?q=bling+empire+net+worth&date=now+7-d&geo=US,+70%,216,TV Show,2024-10-03
Bling Empire,6,Kelly bling empire,https://trends.google.ca/trends/explore?q=kelly+bling+empire&date=now+7-d&geo=US,+60%,216,TV Show,2024-10-03
Bling Empire,7,Kane bling empire,https://trends.google.ca/trends/explore?q=kane+bling+empire&date=now+7-d&geo=US,+50%,216,TV Show,2024-10-03
