Query,Line Number,Seed,Link,Rising Value,idType,tagType,Date
Bridgerton,1,Benedict bridgerton book,https://trends.google.ca/trends/explore?q=benedict+bridgerton+book&date=now+1-d&geo=US,Breakout,216,TV Show,2024-10-02
Bridgerton,2,Simone ashley bridgerton season 4,https://trends.google.ca/trends/explore?q=simone+ashley+bridgerton+season+4&date=now+1-d&geo=US,Breakout,216,TV Show,2024-10-02
Bridgerton,3,Derry girls,https://trends.google.ca/trends/explore?q=derry+girls&date=now+1-d&geo=US,Breakout,216,TV Show,2024-10-02
Bridgerton,4,Regency era dresses,https://trends.google.ca/trends/explore?q=regency+era+dresses&date=now+1-d&geo=US,Breakout,216,TV Show,2024-10-02
Bridgerton,5,Cameron fuller,https://trends.google.ca/trends/explore?q=cameron+fuller&date=now+1-d&geo=US,Breakout,216,TV Show,2024-10-02
Bridgerton,6,Who does eloise marry in bridgerton,https://trends.google.ca/trends/explore?q=who+does+eloise+marry+in+bridgerton&date=now+1-d&geo=US,Breakout,216,TV Show,2024-10-02
Bridgerton,7,What is wrong with king george in bridgerton reddit,https://trends.google.ca/trends/explore?q=what+is+wrong+with+king+george+in+bridgerton+reddit&date=now+1-d&geo=US,Breakout,216,TV Show,2024-10-02
Bridgerton,8,Golda rosheuvel,https://trends.google.ca/trends/explore?q=golda+rosheuvel&date=now+1-d&geo=US,Breakout,216,TV Show,2024-10-02
Bridgerton,9,How many bridgerton books are there,https://trends.google.ca/trends/explore?q=how+many+bridgerton+books+are+there&date=now+1-d&geo=US,Breakout,216,TV Show,2024-10-02
Bridgerton,10,How many seasons of bridgerton will there be,https://trends.google.ca/trends/explore?q=how+many+seasons+of+bridgerton+will+there+be&date=now+1-d&geo=US,Breakout,216,TV Show,2024-10-02
Bridgerton,11,Billie bridgerton,https://trends.google.ca/trends/explore?q=billie+bridgerton&date=now+1-d&geo=US,"+3,350%",216,TV Show,2024-10-02
Bridgerton,12,Who does hyacinth marry,https://trends.google.ca/trends/explore?q=who+does+hyacinth+marry&date=now+1-d&geo=US,"+3,150%",216,TV Show,2024-10-02
Bridgerton,13,How many seasons of bridgerton,https://trends.google.ca/trends/explore?q=how+many+seasons+of+bridgerton&date=now+1-d&geo=US,+400%,216,TV Show,2024-10-02
Bridgerton,14,Emily in paris cast,https://trends.google.ca/trends/explore?q=emily+in+paris+cast&date=now+1-d&geo=US,+400%,216,TV Show,2024-10-02
Bridgerton,15,Will there be a season 4 of bridgerton,https://trends.google.ca/trends/explore?q=will+there+be+a+season+4+of+bridgerton&date=now+1-d&geo=US,+400%,216,TV Show,2024-10-02
Bridgerton,16,Bridgerton music season 3,https://trends.google.ca/trends/explore?q=bridgerton+music+season+3&date=now+1-d&geo=US,+350%,216,TV Show,2024-10-02
Bridgerton,17,Bridgerton merch,https://trends.google.ca/trends/explore?q=bridgerton+merch&date=now+1-d&geo=US,+250%,216,TV Show,2024-10-02
Bridgerton,18,Bridgerton inspired dresses,https://trends.google.ca/trends/explore?q=bridgerton+inspired+dresses&date=now+1-d&geo=US,+250%,216,TV Show,2024-10-02
Bridgerton,19,Siena bridgerton,https://trends.google.ca/trends/explore?q=siena+bridgerton&date=now+1-d&geo=US,+250%,216,TV Show,2024-10-02
Bridgerton,20,Sir phillip crane bridgerton,https://trends.google.ca/trends/explore?q=sir+phillip+crane+bridgerton&date=now+1-d&geo=US,+200%,216,TV Show,2024-10-02
Bridgerton,21,What does ton mean in bridgerton,https://trends.google.ca/trends/explore?q=what+does+ton+mean+in+bridgerton&date=now+1-d&geo=US,+200%,216,TV Show,2024-10-02
Bridgerton,22,Outer banks season 4,https://trends.google.ca/trends/explore?q=outer+banks+season+4&date=now+1-d&geo=US,+200%,216,TV Show,2024-10-02
Bridgerton,23,Phillip crane bridgerton,https://trends.google.ca/trends/explore?q=phillip+crane+bridgerton&date=now+1-d&geo=US,+200%,216,TV Show,2024-10-02
Bridgerton,24,Who does benedict bridgerton marry,https://trends.google.ca/trends/explore?q=who+does+benedict+bridgerton+marry&date=now+1-d&geo=US,+180%,216,TV Show,2024-10-02
Bridgerton,25,Bridgerton family,https://trends.google.ca/trends/explore?q=bridgerton+family&date=now+1-d&geo=US,+60%,216,TV Show,2024-10-02
