Query,Line Number,Seed,Link,Rising Value,Date
 Bus,1,364 bus schedule,https://trends.google.ca/trends/explore?q=364+bus+schedule&date=now+1-d&geo=CA,"+3,850%",2024-09-27
 Bus,2,Kingston bus routes,https://trends.google.ca/trends/explore?q=kingston+bus+routes&date=now+1-d&geo=CA,"+3,700%",2024-09-27
 Bus,3,Maritime bus tracker,https://trends.google.ca/trends/explore?q=maritime+bus+tracker&date=now+1-d&geo=CA,"+2,400%",2024-09-27
 Bus,4,Dillon reeves bus,https://trends.google.ca/trends/explore?q=dillon+reeves+bus&date=now+1-d&geo=CA,"+2,000%",2024-09-27
 Bus,5,Ets trip planner,https://trends.google.ca/trends/explore?q=ets+trip+planner&date=now+1-d&geo=CA,+300%,2024-09-27
 Bus,6,340 bus schedule,https://trends.google.ca/trends/explore?q=340+bus+schedule&date=now+1-d&geo=CA,+250%,2024-09-27
 Bus,7,Pop a ride,https://trends.google.ca/trends/explore?q=pop+a+ride&date=now+1-d&geo=CA,+250%,2024-09-27
 Bus,8,Translink bus schedules,https://trends.google.ca/trends/explore?q=translink+bus+schedules&date=now+1-d&geo=CA,+180%,2024-09-27
 Bus,9,Stl bus schedule,https://trends.google.ca/trends/explore?q=stl+bus+schedule&date=now+1-d&geo=CA,+160%,2024-09-27
 Bus,10,Vancouver bus tracker,https://trends.google.ca/trends/explore?q=vancouver+bus+tracker&date=now+1-d&geo=CA,+140%,2024-09-27
 Bus,11,Magic school bus theme song,https://trends.google.ca/trends/explore?q=magic+school+bus+theme+song&date=now+1-d&geo=CA,+130%,2024-09-27
 Bus,12,Maritime bus schedule,https://trends.google.ca/trends/explore?q=maritime+bus+schedule&date=now+1-d&geo=CA,+120%,2024-09-27
 Bus,13,66 bus schedule,https://trends.google.ca/trends/explore?q=66+bus+schedule&date=now+1-d&geo=CA,+120%,2024-09-27
 Bus,14,503 bus schedule,https://trends.google.ca/trends/explore?q=503+bus+schedule&date=now+1-d&geo=CA,+120%,2024-09-27
 Bus,15,Go bus pass,https://trends.google.ca/trends/explore?q=go+bus+pass&date=now+1-d&geo=CA,+100%,2024-09-27
 Bus,16,Great canadian bus tours,https://trends.google.ca/trends/explore?q=great+canadian+bus+tours&date=now+1-d&geo=CA,+90%,2024-09-27
 Bus,17,Low income bus pass,https://trends.google.ca/trends/explore?q=low+income+bus+pass&date=now+1-d&geo=CA,+80%,2024-09-27
 Bus,18,Nanaimo bus schedule,https://trends.google.ca/trends/explore?q=nanaimo+bus+schedule&date=now+1-d&geo=CA,+80%,2024-09-27
 Bus,19,Windsor tunnel bus,https://trends.google.ca/trends/explore?q=windsor+tunnel+bus&date=now+1-d&geo=CA,+80%,2024-09-27
 Bus,20,Our bus,https://trends.google.ca/trends/explore?q=our+bus&date=now+1-d&geo=CA,+80%,2024-09-27
 Bus,21,Flixbus canada,https://trends.google.ca/trends/explore?q=flixbus+canada&date=now+1-d&geo=CA,+80%,2024-09-27
 Bus,22,R5 bus schedule,https://trends.google.ca/trends/explore?q=r5+bus+schedule&date=now+1-d&geo=CA,+80%,2024-09-27
 Bus,23,Moraine lake shuttle,https://trends.google.ca/trends/explore?q=moraine+lake+shuttle&date=now+1-d&geo=CA,+60%,2024-09-27
 Bus,24,Yrt bus schedules,https://trends.google.ca/trends/explore?q=yrt+bus+schedules&date=now+1-d&geo=CA,+60%,2024-09-27
 Bus,25,Go bus plan your trip,https://trends.google.ca/trends/explore?q=go+bus+plan+your+trip&date=now+1-d&geo=CA,+60%,2024-09-27
