Query,Line Number,Seed,Link,Rising Value,Date
 Camera,1,Cancun live camera,https://trends.google.ca/trends/explore?q=cancun+live+camera&date=now+7-d&geo=CA,+550%,2024-09-26
 Camera,2,Blink camera flashing green,https://trends.google.ca/trends/explore?q=blink+camera+flashing+green&date=now+7-d&geo=CA,+450%,2024-09-26
 Camera,3,Camera pont laviolette,https://trends.google.ca/trends/explore?q=camera+pont+laviolette&date=now+7-d&geo=CA,+200%,2024-09-26
 Camera,4,Iphone 16 camera button,https://trends.google.ca/trends/explore?q=iphone+16+camera+button&date=now+7-d&geo=CA,+200%,2024-09-26
 Camera,5,Papershoot camera,https://trends.google.ca/trends/explore?q=papershoot+camera&date=now+7-d&geo=CA,+100%,2024-09-26
 Camera,6,Iphone 16 camera,https://trends.google.ca/trends/explore?q=iphone+16+camera&date=now+7-d&geo=CA,+60%,2024-09-26
 Camera,7,Black magic camera,https://trends.google.ca/trends/explore?q=black+magic+camera&date=now+7-d&geo=CA,+50%,2024-09-26
 Camera,8,Iphone 16 pro camera,https://trends.google.ca/trends/explore?q=iphone+16+pro+camera&date=now+7-d&geo=CA,+50%,2024-09-26
 Camera,9,Camera saguenay,https://trends.google.ca/trends/explore?q=camera+saguenay&date=now+7-d&geo=CA,+50%,2024-09-26
