Query,Line Number,Seed,Link,Rising Value,idType,tagType,Date
 Captain America: Brave New World,1,Thunderbolts,https://trends.google.ca/trends/explore?q=thunderbolts&date=now+1-d&geo=US,,154,Movie,2024-10-02
 Captain America: Brave New World,2,Captain america brave new world cast,https://trends.google.ca/trends/explore?q=captain+america+brave+new+world+cast&date=now+1-d&geo=US,,154,Movie,2024-10-02
 Captain America: Brave New World,3,Captain america brave new world release date,https://trends.google.ca/trends/explore?q=captain+america+brave+new+world+release+date&date=now+1-d&geo=US,,154,Movie,2024-10-02
 Captain America: Brave New World,4,Cast of captain america brave new world,https://trends.google.ca/trends/explore?q=cast+of+captain+america+brave+new+world&date=now+1-d&geo=US,,154,Movie,2024-10-02
 Captain America: Brave New World,5,Red hulk,https://trends.google.ca/trends/explore?q=red+hulk&date=now+1-d&geo=US,,154,Movie,2024-10-02
 Captain America: Brave New World,6,Harrison ford,https://trends.google.ca/trends/explore?q=harrison+ford&date=now+1-d&geo=US,,154,Movie,2024-10-02
 Captain America: Brave New World,7,Venom 3,https://trends.google.ca/trends/explore?q=venom+3&date=now+1-d&geo=US,,154,Movie,2024-10-02
