Query,Line Number,Seed,Link,Rising Value,Date
 Cars,1,Comedians in cars getting coffee ellen,https://trends.google.ca/trends/explore?q=comedians+in+cars+getting+coffee+ellen&date=now+1-d&geo=CA,Breakout,2024-09-27
 Cars,2,Haldimand motors ltd. used cars,https://trends.google.ca/trends/explore?q=haldimand+motors+ltd.+used+cars&date=now+1-d&geo=CA,Breakout,2024-09-27
 Cars,3,Saab cars,https://trends.google.ca/trends/explore?q=saab+cars&date=now+1-d&geo=CA,Breakout,2024-09-27
 Cars,4,Kijiji autos,https://trends.google.ca/trends/explore?q=kijiji+autos&date=now+1-d&geo=CA,+400%,2024-09-27
 Cars,5,Comedians in cars getting coffee,https://trends.google.ca/trends/explore?q=comedians+in+cars+getting+coffee&date=now+1-d&geo=CA,+350%,2024-09-27
 Cars,6,Vinfast,https://trends.google.ca/trends/explore?q=vinfast&date=now+1-d&geo=CA,+300%,2024-09-27
 Cars,7,Riding in cars with boys,https://trends.google.ca/trends/explore?q=riding+in+cars+with+boys&date=now+1-d&geo=CA,+250%,2024-09-27
 Cars,8,Who makes genesis cars,https://trends.google.ca/trends/explore?q=who+makes+genesis+cars&date=now+1-d&geo=CA,+180%,2024-09-27
 Cars,9,Go auto,https://trends.google.ca/trends/explore?q=go+auto&date=now+1-d&geo=CA,+150%,2024-09-27
 Cars,10,Kijiji manitoba classic cars,https://trends.google.ca/trends/explore?q=kijiji+manitoba+classic+cars&date=now+1-d&geo=CA,+140%,2024-09-27
 Cars,11,Velocity cars,https://trends.google.ca/trends/explore?q=velocity+cars&date=now+1-d&geo=CA,+120%,2024-09-27
 Cars,12,Wilson's used cars,https://trends.google.ca/trends/explore?q=wilson's+used+cars&date=now+1-d&geo=CA,+110%,2024-09-27
 Cars,13,Costco f1 cars,https://trends.google.ca/trends/explore?q=costco+f1+cars&date=now+1-d&geo=CA,+110%,2024-09-27
 Cars,14,Toyota yaris,https://trends.google.ca/trends/explore?q=toyota+yaris&date=now+1-d&geo=CA,+80%,2024-09-27
 Cars,15,Bugatti,https://trends.google.ca/trends/explore?q=bugatti&date=now+1-d&geo=CA,+80%,2024-09-27
 Cars,16,0 financing cars ontario,https://trends.google.ca/trends/explore?q=0+financing+cars+ontario&date=now+1-d&geo=CA,+70%,2024-09-27
 Cars,17,Rental cars near me,https://trends.google.ca/trends/explore?q=rental+cars+near+me&date=now+1-d&geo=CA,+70%,2024-09-27
 Cars,18,Wilson used cars,https://trends.google.ca/trends/explore?q=wilson+used+cars&date=now+1-d&geo=CA,+70%,2024-09-27
 Cars,19,Rental cars calgary,https://trends.google.ca/trends/explore?q=rental+cars+calgary&date=now+1-d&geo=CA,+70%,2024-09-27
 Cars,20,Chevrolet canada,https://trends.google.ca/trends/explore?q=chevrolet+canada&date=now+1-d&geo=CA,+60%,2024-09-27
 Cars,21,Tata cars,https://trends.google.ca/trends/explore?q=tata+cars&date=now+1-d&geo=CA,+60%,2024-09-27
 Cars,22,Used cars windsor,https://trends.google.ca/trends/explore?q=used+cars+windsor&date=now+1-d&geo=CA,+50%,2024-09-27
 Cars,23,Repossessed cars,https://trends.google.ca/trends/explore?q=repossessed+cars&date=now+1-d&geo=CA,+50%,2024-09-27
 Cars,24,Racks for cars edmonton,https://trends.google.ca/trends/explore?q=racks+for+cars+edmonton&date=now+1-d&geo=CA,+50%,2024-09-27
 Cars,25,Octane used cars,https://trends.google.ca/trends/explore?q=octane+used+cars&date=now+1-d&geo=CA,+50%,2024-09-27
