Query,Line Number,Seed,Link,Rising Value,idType,tagType,Date
D.C.,1,Colorado vs la galaxy,https://trends.google.ca/trends/explore?q=colorado+vs+la+galaxy&date=now+1-d&geo=US,Breakout,217,Franchise,2024-10-02
D.C.,2,Toronto vs ny red bulls,https://trends.google.ca/trends/explore?q=toronto+vs+ny+red+bulls&date=now+1-d&geo=US,Breakout,217,Franchise,2024-10-02
D.C.,3,"Homewood suites by hilton washington, d.c. downtown","https://trends.google.ca/trends/explore?q=homewood+suites+by+hilton+washington,+d.c.+downtown&date=now+1-d&geo=US",Breakout,217,Franchise,2024-10-02
D.C.,4,Discrimination,https://trends.google.ca/trends/explore?q=discrimination&date=now+1-d&geo=US,+350%,217,Franchise,2024-10-02
D.C.,5,"Where is washington, d.c. on the map","https://trends.google.ca/trends/explore?q=where+is+washington,+d.c.+on+the+map&date=now+1-d&geo=US",+250%,217,Franchise,2024-10-02
D.C.,6,Nashville vs d.c. united,https://trends.google.ca/trends/explore?q=nashville+vs+d.c.+united&date=now+1-d&geo=US,+170%,217,Franchise,2024-10-02
D.C.,7,"Washington, d.c. meaning","https://trends.google.ca/trends/explore?q=washington,+d.c.+meaning&date=now+1-d&geo=US",+90%,217,Franchise,2024-10-02
D.C.,8,Washington d.c. time,https://trends.google.ca/trends/explore?q=washington+d.c.+time&date=now+1-d&geo=US,+80%,217,Franchise,2024-10-02
D.C.,9,Mls,https://trends.google.ca/trends/explore?q=mls&date=now+1-d&geo=US,+80%,217,Franchise,2024-10-02
D.C.,10,"When was the first election that washington, d.c. was granted electoral votes?","https://trends.google.ca/trends/explore?q=when+was+the+first+election+that+washington,+d.c.+was+granted+electoral+votes?&date=now+1-d&geo=US",+70%,217,Franchise,2024-10-02
D.C.,11,Washington d.c. temple,https://trends.google.ca/trends/explore?q=washington+d.c.+temple&date=now+1-d&geo=US,+60%,217,Franchise,2024-10-02
D.C.,12,What does d.c. stand for in washington d.c,https://trends.google.ca/trends/explore?q=what+does+d.c.+stand+for+in+washington+d.c&date=now+1-d&geo=US,+50%,217,Franchise,2024-10-02
D.C.,13,What does d.c. stand for,https://trends.google.ca/trends/explore?q=what+does+d.c.+stand+for&date=now+1-d&geo=US,+40%,217,Franchise,2024-10-02
