Query,Line Number,Seed,Link,Rising Value,idType,tagType,Date
DC Universe,1,Absolute power dc,https://trends.google.ca/trends/explore?q=absolute+power+dc&date=now+1-d&geo=US,Breakout,217,Franchise,2024-10-02
DC Universe,2,Dc universe online codes,https://trends.google.ca/trends/explore?q=dc+universe+online+codes&date=now+1-d&geo=US,Breakout,217,Franchise,2024-10-02
DC Universe,3,Dc all in special #1,https://trends.google.ca/trends/explore?q=dc+all+in+special+%231&date=now+1-d&geo=US,Breakout,217,Franchise,2024-10-02
DC Universe,4,Dc universe movies list,https://trends.google.ca/trends/explore?q=dc+universe+movies+list&date=now+1-d&geo=US,+190%,217,Franchise,2024-10-02
DC Universe,5,Dc animated movie universe,https://trends.google.ca/trends/explore?q=dc+animated+movie+universe&date=now+1-d&geo=US,+140%,217,Franchise,2024-10-02
