Query,Line Number,Seed,Link,Rising Value,idType,tagType,Date
Deadpool 2,1,Fantastic four,https://trends.google.ca/trends/explore?q=fantastic+four&date=now+1-d&geo=US,Breakout,154,Movie,2024-10-02
Deadpool 2,2,Deadpool and wolverine showtimes,https://trends.google.ca/trends/explore?q=deadpool+and+wolverine+showtimes&date=now+1-d&geo=US,Breakout,154,Movie,2024-10-02
Deadpool 2,3,When did deadpool and wolverine come out,https://trends.google.ca/trends/explore?q=when+did+deadpool+and+wolverine+come+out&date=now+1-d&geo=US,Breakout,154,Movie,2024-10-02
Deadpool 2,4,Joker 2 rotten tomatoes,https://trends.google.ca/trends/explore?q=joker+2+rotten+tomatoes&date=now+1-d&geo=US,Breakout,154,Movie,2024-10-02
Deadpool 2,5,Cable from deadpool 2,https://trends.google.ca/trends/explore?q=cable+from+deadpool+2&date=now+1-d&geo=US,Breakout,154,Movie,2024-10-02
Deadpool 2,6,Deadpool and wolverine dvd release date,https://trends.google.ca/trends/explore?q=deadpool+and+wolverine+dvd+release+date&date=now+1-d&geo=US,Breakout,154,Movie,2024-10-02
Deadpool 2,7,Last of us season 2,https://trends.google.ca/trends/explore?q=last+of+us+season+2&date=now+1-d&geo=US,Breakout,154,Movie,2024-10-02
Deadpool 2,8,Terrifier 3,https://trends.google.ca/trends/explore?q=terrifier+3&date=now+1-d&geo=US,Breakout,154,Movie,2024-10-02
Deadpool 2,9,Did vanessa die in deadpool 2,https://trends.google.ca/trends/explore?q=did+vanessa+die+in+deadpool+2&date=now+1-d&geo=US,Breakout,154,Movie,2024-10-02
Deadpool 2,10,Shawn levy,https://trends.google.ca/trends/explore?q=shawn+levy&date=now+1-d&geo=US,Breakout,154,Movie,2024-10-02
Deadpool 2,11,James mcavoy movies,https://trends.google.ca/trends/explore?q=james+mcavoy+movies&date=now+1-d&geo=US,Breakout,154,Movie,2024-10-02
Deadpool 2,12,Dafne keen,https://trends.google.ca/trends/explore?q=dafne+keen&date=now+1-d&geo=US,Breakout,154,Movie,2024-10-02
Deadpool 2,13,Amc,https://trends.google.ca/trends/explore?q=amc&date=now+1-d&geo=US,+300%,154,Movie,2024-10-02
Deadpool 2,14,Rob delaney,https://trends.google.ca/trends/explore?q=rob+delaney&date=now+1-d&geo=US,+250%,154,Movie,2024-10-02
Deadpool 2,15,Alien romulus,https://trends.google.ca/trends/explore?q=alien+romulus&date=now+1-d&geo=US,+200%,154,Movie,2024-10-02
Deadpool 2,16,Cassandra nova,https://trends.google.ca/trends/explore?q=cassandra+nova&date=now+1-d&geo=US,+160%,154,Movie,2024-10-02
Deadpool 2,17,When does deadpool and wolverine come to disney plus,https://trends.google.ca/trends/explore?q=when+does+deadpool+and+wolverine+come+to+disney+plus&date=now+1-d&geo=US,+130%,154,Movie,2024-10-02
Deadpool 2,18,Terrifier,https://trends.google.ca/trends/explore?q=terrifier&date=now+1-d&geo=US,+120%,154,Movie,2024-10-02
Deadpool 2,19,Is deadpool and wolverine on disney plus,https://trends.google.ca/trends/explore?q=is+deadpool+and+wolverine+on+disney+plus&date=now+1-d&geo=US,+120%,154,Movie,2024-10-02
Deadpool 2,20,Deadpool 2 2018,https://trends.google.ca/trends/explore?q=deadpool+2+2018&date=now+1-d&geo=US,+120%,154,Movie,2024-10-02
Deadpool 2,21,Movies near me,https://trends.google.ca/trends/explore?q=movies+near+me&date=now+1-d&geo=US,+110%,154,Movie,2024-10-02
Deadpool 2,22,Elektra,https://trends.google.ca/trends/explore?q=elektra&date=now+1-d&geo=US,+100%,154,Movie,2024-10-02
Deadpool 2,23,Morena baccarin,https://trends.google.ca/trends/explore?q=morena+baccarin&date=now+1-d&geo=US,+90%,154,Movie,2024-10-02
Deadpool 2,24,Josh brolin,https://trends.google.ca/trends/explore?q=josh+brolin&date=now+1-d&geo=US,+80%,154,Movie,2024-10-02
Deadpool 2,25,Gladiator 2,https://trends.google.ca/trends/explore?q=gladiator+2&date=now+1-d&geo=US,+80%,154,Movie,2024-10-02
