Query,Line Number,Seed,Link,Rising Value,idType,tagType,Date
Django Unchained,1,Jackie brown,https://trends.google.ca/trends/explore?q=jackie+brown&date=now+1-d&geo=US,Breakout,154,Movie,2024-10-02
Django Unchained,2,Django unchained 2012,https://trends.google.ca/trends/explore?q=django+unchained+2012&date=now+1-d&geo=US,Breakout,154,Movie,2024-10-02
Django Unchained,3,Who directed django unchained,https://trends.google.ca/trends/explore?q=who+directed+django+unchained&date=now+1-d&geo=US,Breakout,154,Movie,2024-10-02
Django Unchained,4,No country for old men,https://trends.google.ca/trends/explore?q=no+country+for+old+men&date=now+1-d&geo=US,+100%,154,Movie,2024-10-02
Django Unchained,5,Kris kristofferson,https://trends.google.ca/trends/explore?q=kris+kristofferson&date=now+1-d&geo=US,+80%,154,Movie,2024-10-02
Django Unchained,6,Inglourious basterds,https://trends.google.ca/trends/explore?q=inglourious+basterds&date=now+1-d&geo=US,+70%,154,Movie,2024-10-02
Django Unchained,7,Kill bill,https://trends.google.ca/trends/explore?q=kill+bill&date=now+1-d&geo=US,+60%,154,Movie,2024-10-02
Django Unchained,8,Pulp fiction,https://trends.google.ca/trends/explore?q=pulp+fiction&date=now+1-d&geo=US,+50%,154,Movie,2024-10-02
Django Unchained,9,Where to watch django unchained,https://trends.google.ca/trends/explore?q=where+to+watch+django+unchained&date=now+1-d&geo=US,+50%,154,Movie,2024-10-02
Django Unchained,10,Hateful 8,https://trends.google.ca/trends/explore?q=hateful+8&date=now+1-d&geo=US,+40%,154,Movie,2024-10-02
