Query,Line Number,Seed,Link,Rising Value,idType,tagType,Date
Downton Abbey,1,Robert james collier,https://trends.google.ca/trends/explore?q=robert+james+collier&date=now+1-d&geo=US,Breakout,217,Franchise,2024-10-02
Downton Abbey,2,Who does mary marry in downton abbey,https://trends.google.ca/trends/explore?q=who+does+mary+marry+in+downton+abbey&date=now+1-d&geo=US,Breakout,217,Franchise,2024-10-02
Downton Abbey,3,When did downton abbey take place,https://trends.google.ca/trends/explore?q=when+did+downton+abbey+take+place&date=now+1-d&geo=US,Breakout,217,Franchise,2024-10-02
Downton Abbey,4,Ed speleers,https://trends.google.ca/trends/explore?q=ed+speleers&date=now+1-d&geo=US,Breakout,217,Franchise,2024-10-02
Downton Abbey,5,How did sybil die in downton abbey,https://trends.google.ca/trends/explore?q=how+did+sybil+die+in+downton+abbey&date=now+1-d&geo=US,Breakout,217,Franchise,2024-10-02
Downton Abbey,6,Downton abbey 3 trailer,https://trends.google.ca/trends/explore?q=downton+abbey+3+trailer&date=now+1-d&geo=US,Breakout,217,Franchise,2024-10-02
Downton Abbey,7,Matthew goode downton abbey,https://trends.google.ca/trends/explore?q=matthew+goode+downton+abbey&date=now+1-d&geo=US,+550%,217,Franchise,2024-10-02
Downton Abbey,8,Downton abbey dresses,https://trends.google.ca/trends/explore?q=downton+abbey+dresses&date=now+1-d&geo=US,+300%,217,Franchise,2024-10-02
Downton Abbey,9,How many episodes of downton abbey,https://trends.google.ca/trends/explore?q=how+many+episodes+of+downton+abbey&date=now+1-d&geo=US,+190%,217,Franchise,2024-10-02
Downton Abbey,10,Where was downton abbey filmed,https://trends.google.ca/trends/explore?q=where+was+downton+abbey+filmed&date=now+1-d&geo=US,+130%,217,Franchise,2024-10-02
Downton Abbey,11,Ridley cast,https://trends.google.ca/trends/explore?q=ridley+cast&date=now+1-d&geo=US,+130%,217,Franchise,2024-10-02
Downton Abbey,12,Downton abbey films,https://trends.google.ca/trends/explore?q=downton+abbey+films&date=now+1-d&geo=US,+120%,217,Franchise,2024-10-02
Downton Abbey,13,Matthew goode,https://trends.google.ca/trends/explore?q=matthew+goode&date=now+1-d&geo=US,+90%,217,Franchise,2024-10-02
Downton Abbey,14,Downton abbey time period,https://trends.google.ca/trends/explore?q=downton+abbey+time+period&date=now+1-d&geo=US,+90%,217,Franchise,2024-10-02
Downton Abbey,15,New downton abbey movie,https://trends.google.ca/trends/explore?q=new+downton+abbey+movie&date=now+1-d&geo=US,+80%,217,Franchise,2024-10-02
Downton Abbey,16,Mrs hughes downton abbey,https://trends.google.ca/trends/explore?q=mrs+hughes+downton+abbey&date=now+1-d&geo=US,+80%,217,Franchise,2024-10-02
Downton Abbey,17,Downton abbey cast season 3,https://trends.google.ca/trends/explore?q=downton+abbey+cast+season+3&date=now+1-d&geo=US,+70%,217,Franchise,2024-10-02
Downton Abbey,18,Where can i watch downton abbey free,https://trends.google.ca/trends/explore?q=where+can+i+watch+downton+abbey+free&date=now+1-d&geo=US,+70%,217,Franchise,2024-10-02
Downton Abbey,19,Lady sybil downton abbey,https://trends.google.ca/trends/explore?q=lady+sybil+downton+abbey&date=now+1-d&geo=US,+70%,217,Franchise,2024-10-02
Downton Abbey,20,Where is downton abbey filmed,https://trends.google.ca/trends/explore?q=where+is+downton+abbey+filmed&date=now+1-d&geo=US,+50%,217,Franchise,2024-10-02
Downton Abbey,21,Downton abbey season 4,https://trends.google.ca/trends/explore?q=downton+abbey+season+4&date=now+1-d&geo=US,+50%,217,Franchise,2024-10-02
Downton Abbey,22,What is downton abbey about,https://trends.google.ca/trends/explore?q=what+is+downton+abbey+about&date=now+1-d&geo=US,+50%,217,Franchise,2024-10-02
Downton Abbey,23,Where can i watch downton abbey,https://trends.google.ca/trends/explore?q=where+can+i+watch+downton+abbey&date=now+1-d&geo=US,+50%,217,Franchise,2024-10-02
Downton Abbey,24,Imdb downton abbey,https://trends.google.ca/trends/explore?q=imdb+downton+abbey&date=now+1-d&geo=US,+50%,217,Franchise,2024-10-02
Downton Abbey,25,Mr bates downton abbey,https://trends.google.ca/trends/explore?q=mr+bates+downton+abbey&date=now+1-d&geo=US,+50%,217,Franchise,2024-10-02
