Query,Line Number,Seed,Link,Rising Value,idType,tagType,Date
Dune: Part Two,1,Saltburn cast,https://trends.google.ca/trends/explore?q=saltburn+cast&date=now+7-d&geo=US,Breakout,154,Movie,2024-10-03
Dune: Part Two,2,Dune prophecy,https://trends.google.ca/trends/explore?q=dune+prophecy&date=now+7-d&geo=US,Breakout,154,Movie,2024-10-03
Dune: Part Two,3,Dune part two cast,https://trends.google.ca/trends/explore?q=dune+part+two+cast&date=now+7-d&geo=US,+150%,154,Movie,2024-10-03
Dune: Part Two,4,Austin butler,https://trends.google.ca/trends/explore?q=austin+butler&date=now+7-d&geo=US,+70%,154,Movie,2024-10-03
