Query,Line Number,Seed,Link,Rising Value,idType,tagType,Date
Euphoria,1,Conscious,https://trends.google.ca/trends/explore?q=conscious&date=now+1-d&geo=US,Breakout,216,TV Show,2024-10-02
Euphoria,2,Euphoria chocolate company,https://trends.google.ca/trends/explore?q=euphoria+chocolate+company&date=now+1-d&geo=US,Breakout,216,TV Show,2024-10-02
Euphoria,3,Agency definition,https://trends.google.ca/trends/explore?q=agency+definition&date=now+1-d&geo=US,Breakout,216,TV Show,2024-10-02
Euphoria,4,Euphonium,https://trends.google.ca/trends/explore?q=euphonium&date=now+1-d&geo=US,Breakout,216,TV Show,2024-10-02
Euphoria,5,Stranger things season 5,https://trends.google.ca/trends/explore?q=stranger+things+season+5&date=now+1-d&geo=US,Breakout,216,TV Show,2024-10-02
Euphoria,6,Alexa demie movies and tv shows,https://trends.google.ca/trends/explore?q=alexa+demie+movies+and+tv+shows&date=now+1-d&geo=US,Breakout,216,TV Show,2024-10-02
Euphoria,7,Blackstone labs euphoria,https://trends.google.ca/trends/explore?q=blackstone+labs+euphoria&date=now+1-d&geo=US,+600%,216,TV Show,2024-10-02
Euphoria,8,Euphoria nail salon,https://trends.google.ca/trends/explore?q=euphoria+nail+salon&date=now+1-d&geo=US,+450%,216,TV Show,2024-10-02
Euphoria,9,Euphoria cologne,https://trends.google.ca/trends/explore?q=euphoria+cologne&date=now+1-d&geo=US,+400%,216,TV Show,2024-10-02
Euphoria,10,Babylock euphoria,https://trends.google.ca/trends/explore?q=babylock+euphoria&date=now+1-d&geo=US,+350%,216,TV Show,2024-10-02
Euphoria,11,Agency,https://trends.google.ca/trends/explore?q=agency&date=now+1-d&geo=US,+350%,216,TV Show,2024-10-02
Euphoria,12,Euphoria makeup,https://trends.google.ca/trends/explore?q=euphoria+makeup&date=now+1-d&geo=US,+300%,216,TV Show,2024-10-02
Euphoria,13,How many seasons of euphoria,https://trends.google.ca/trends/explore?q=how+many+seasons+of+euphoria&date=now+1-d&geo=US,+250%,216,TV Show,2024-10-02
Euphoria,14,13 reasons why,https://trends.google.ca/trends/explore?q=13+reasons+why&date=now+1-d&geo=US,+250%,216,TV Show,2024-10-02
Euphoria,15,Euphoria soundtrack,https://trends.google.ca/trends/explore?q=euphoria+soundtrack&date=now+1-d&geo=US,+250%,216,TV Show,2024-10-02
Euphoria,16,Euphoria meaning in english,https://trends.google.ca/trends/explore?q=euphoria+meaning+in+english&date=now+1-d&geo=US,+190%,216,TV Show,2024-10-02
Euphoria,17,Euphoria special episode,https://trends.google.ca/trends/explore?q=euphoria+special+episode&date=now+1-d&geo=US,+180%,216,TV Show,2024-10-02
Euphoria,18,Kat from euphoria,https://trends.google.ca/trends/explore?q=kat+from+euphoria&date=now+1-d&geo=US,+170%,216,TV Show,2024-10-02
Euphoria,19,Euphoria perfume for women,https://trends.google.ca/trends/explore?q=euphoria+perfume+for+women&date=now+1-d&geo=US,+170%,216,TV Show,2024-10-02
Euphoria,20,Euphoria anime wiki,https://trends.google.ca/trends/explore?q=euphoria+anime+wiki&date=now+1-d&geo=US,+160%,216,TV Show,2024-10-02
Euphoria,21,Sam levinson,https://trends.google.ca/trends/explore?q=sam+levinson&date=now+1-d&geo=US,+160%,216,TV Show,2024-10-02
Euphoria,22,Eduphoria,https://trends.google.ca/trends/explore?q=eduphoria&date=now+1-d&geo=US,+150%,216,TV Show,2024-10-02
Euphoria,23,مسلسل euphoria,https://trends.google.ca/trends/explore?q=%D9%85%D8%B3%D9%84%D8%B3%D9%84+euphoria&date=now+1-d&geo=US,+150%,216,TV Show,2024-10-02
Euphoria,24,Euphoria seasons,https://trends.google.ca/trends/explore?q=euphoria+seasons&date=now+1-d&geo=US,+140%,216,TV Show,2024-10-02
Euphoria,25,Euphoria costume,https://trends.google.ca/trends/explore?q=euphoria+costume&date=now+1-d&geo=US,+60%,216,TV Show,2024-10-02
