Query,Line Number,Seed,Link,Rising Value,idType,tagType,Date
Evil Dead,1,Bridgerton,https://trends.google.ca/trends/explore?q=bridgerton&date=now+7-d&geo=US,Breakout,217,Franchise,2024-10-03
Evil Dead,2,Evil dead birdhouse,https://trends.google.ca/trends/explore?q=evil+dead+birdhouse&date=now+7-d&geo=US,Breakout,217,Franchise,2024-10-03
Evil Dead,3,Evil dead the game update,https://trends.google.ca/trends/explore?q=evil+dead+the+game+update&date=now+7-d&geo=US,"+1,150%",217,Franchise,2024-10-03
Evil Dead,4,Apartment 7a,https://trends.google.ca/trends/explore?q=apartment+7a&date=now+7-d&geo=US,"+1,100%",217,Franchise,2024-10-03
Evil Dead,5,Evil dead rise part 2,https://trends.google.ca/trends/explore?q=evil+dead+rise+part+2&date=now+7-d&geo=US,+300%,217,Franchise,2024-10-03
Evil Dead,6,Scary stories to tell in the dark,https://trends.google.ca/trends/explore?q=scary+stories+to+tell+in+the+dark&date=now+7-d&geo=US,+170%,217,Franchise,2024-10-03
Evil Dead,7,Train to busan,https://trends.google.ca/trends/explore?q=train+to+busan&date=now+7-d&geo=US,+150%,217,Franchise,2024-10-03
Evil Dead,8,Morgan davies as a kid,https://trends.google.ca/trends/explore?q=morgan+davies+as+a+kid&date=now+7-d&geo=US,+120%,217,Franchise,2024-10-03
Evil Dead,9,Oddity,https://trends.google.ca/trends/explore?q=oddity&date=now+7-d&geo=US,+120%,217,Franchise,2024-10-03
Evil Dead,10,The autopsy of jane doe,https://trends.google.ca/trends/explore?q=the+autopsy+of+jane+doe&date=now+7-d&geo=US,+100%,217,Franchise,2024-10-03
Evil Dead,11,Nosferatu,https://trends.google.ca/trends/explore?q=nosferatu&date=now+7-d&geo=US,+100%,217,Franchise,2024-10-03
Evil Dead,12,Tarot movie,https://trends.google.ca/trends/explore?q=tarot+movie&date=now+7-d&geo=US,+80%,217,Franchise,2024-10-03
Evil Dead,13,Paranormal activity,https://trends.google.ca/trends/explore?q=paranormal+activity&date=now+7-d&geo=US,+80%,217,Franchise,2024-10-03
Evil Dead,14,The watchers,https://trends.google.ca/trends/explore?q=the+watchers&date=now+7-d&geo=US,+80%,217,Franchise,2024-10-03
Evil Dead,15,I saw the tv glow,https://trends.google.ca/trends/explore?q=i+saw+the+tv+glow&date=now+7-d&geo=US,+80%,217,Franchise,2024-10-03
Evil Dead,16,Silence of the lambs,https://trends.google.ca/trends/explore?q=silence+of+the+lambs&date=now+7-d&geo=US,+70%,217,Franchise,2024-10-03
Evil Dead,17,Annabelle,https://trends.google.ca/trends/explore?q=annabelle&date=now+7-d&geo=US,+70%,217,Franchise,2024-10-03
Evil Dead,18,The shining,https://trends.google.ca/trends/explore?q=the+shining&date=now+7-d&geo=US,+70%,217,Franchise,2024-10-03
Evil Dead,19,Ash evil dead costume,https://trends.google.ca/trends/explore?q=ash+evil+dead+costume&date=now+7-d&geo=US,+60%,217,Franchise,2024-10-03
Evil Dead,20,Get out,https://trends.google.ca/trends/explore?q=get+out&date=now+7-d&geo=US,+60%,217,Franchise,2024-10-03
Evil Dead,21,Pearl,https://trends.google.ca/trends/explore?q=pearl&date=now+7-d&geo=US,+60%,217,Franchise,2024-10-03
Evil Dead,22,Tarot,https://trends.google.ca/trends/explore?q=tarot&date=now+7-d&geo=US,+50%,217,Franchise,2024-10-03
Evil Dead,23,Evil dead director,https://trends.google.ca/trends/explore?q=evil+dead+director&date=now+7-d&geo=US,+50%,217,Franchise,2024-10-03
Evil Dead,24,Evil dead rise full movie,https://trends.google.ca/trends/explore?q=evil+dead+rise+full+movie&date=now+7-d&geo=US,+50%,217,Franchise,2024-10-03
Evil Dead,25,The ritual,https://trends.google.ca/trends/explore?q=the+ritual&date=now+7-d&geo=US,+50%,217,Franchise,2024-10-03
