Query,Line Number,Seed,Link,Rising Value,idType,tagType,Date
Fallout,1,Stingwing location fallout 76,https://trends.google.ca/trends/explore?q=stingwing+location+fallout+76&date=now+1-d&geo=US,Breakout,217,Franchise,2024-10-02
Fallout,2,Fallout 76 deathclaw locations,https://trends.google.ca/trends/explore?q=fallout+76+deathclaw+locations&date=now+1-d&geo=US,Breakout,217,Franchise,2024-10-02
Fallout,3,Where to find stingwings fallout 76,https://trends.google.ca/trends/explore?q=where+to+find+stingwings+fallout+76&date=now+1-d&geo=US,"+4,000%",217,Franchise,2024-10-02
Fallout,4,Thaddeus fallout,https://trends.google.ca/trends/explore?q=thaddeus+fallout&date=now+1-d&geo=US,"+3,250%",217,Franchise,2024-10-02
Fallout,5,Stingwing fallout 76,https://trends.google.ca/trends/explore?q=stingwing+fallout+76&date=now+1-d&geo=US,"+2,400%",217,Franchise,2024-10-02
Fallout,6,Fallout 76 stingwing locations,https://trends.google.ca/trends/explore?q=fallout+76+stingwing+locations&date=now+1-d&geo=US,"+1,400%",217,Franchise,2024-10-02
Fallout,7,Earle,https://trends.google.ca/trends/explore?q=earle&date=now+1-d&geo=US,"+1,200%",217,Franchise,2024-10-02
Fallout,8,Bleeding kate's grindhouse,https://trends.google.ca/trends/explore?q=bleeding+kate's+grindhouse&date=now+1-d&geo=US,+450%,217,Franchise,2024-10-02
Fallout,9,Fallout 76 soap location,https://trends.google.ca/trends/explore?q=fallout+76+soap+location&date=now+1-d&geo=US,+350%,217,Franchise,2024-10-02
Fallout,10,Fallout 76 where to find soap,https://trends.google.ca/trends/explore?q=fallout+76+where+to+find+soap&date=now+1-d&geo=US,+250%,217,Franchise,2024-10-02
Fallout,11,Fallout 76 cultist locations,https://trends.google.ca/trends/explore?q=fallout+76+cultist+locations&date=now+1-d&geo=US,+250%,217,Franchise,2024-10-02
Fallout,12,Fallout season 2 release date netflix,https://trends.google.ca/trends/explore?q=fallout+season+2+release+date+netflix&date=now+1-d&geo=US,+200%,217,Franchise,2024-10-02
Fallout,13,Fallout 76 soap locations,https://trends.google.ca/trends/explore?q=fallout+76+soap+locations&date=now+1-d&geo=US,+180%,217,Franchise,2024-10-02
Fallout,14,Soap fallout 76,https://trends.google.ca/trends/explore?q=soap+fallout+76&date=now+1-d&geo=US,+170%,217,Franchise,2024-10-02
Fallout,15,Fallout 76 worm farm,https://trends.google.ca/trends/explore?q=fallout+76+worm+farm&date=now+1-d&geo=US,+160%,217,Franchise,2024-10-02
Fallout,16,Fallout 76 new river gorge resort,https://trends.google.ca/trends/explore?q=fallout+76+new+river+gorge+resort&date=now+1-d&geo=US,+140%,217,Franchise,2024-10-02
Fallout,17,When does fallout 4 take place,https://trends.google.ca/trends/explore?q=when+does+fallout+4+take+place&date=now+1-d&geo=US,+140%,217,Franchise,2024-10-02
