Query,Line Number,Seed,Link,Rising Value,idType,tagType,Date
Fantastic Beasts,1,Kristian nairn,https://trends.google.ca/trends/explore?q=kristian+nairn&date=now+7-d&geo=US,Breakout,217,Franchise,2024-10-03
Fantastic Beasts,2,Toby woolf,https://trends.google.ca/trends/explore?q=toby+woolf&date=now+7-d&geo=US,Breakout,217,Franchise,2024-10-03
Fantastic Beasts,3,Edward bluemel,https://trends.google.ca/trends/explore?q=edward+bluemel&date=now+7-d&geo=US,Breakout,217,Franchise,2024-10-03
Fantastic Beasts,4,Peter capaldi,https://trends.google.ca/trends/explore?q=peter+capaldi&date=now+7-d&geo=US,Breakout,217,Franchise,2024-10-03
Fantastic Beasts,5,Joshua pickering,https://trends.google.ca/trends/explore?q=joshua+pickering&date=now+7-d&geo=US,Breakout,217,Franchise,2024-10-03
Fantastic Beasts,6,Lesley manville,https://trends.google.ca/trends/explore?q=lesley+manville&date=now+7-d&geo=US,Breakout,217,Franchise,2024-10-03
Fantastic Beasts,7,Richard harris,https://trends.google.ca/trends/explore?q=richard+harris&date=now+7-d&geo=US,Breakout,217,Franchise,2024-10-03
Fantastic Beasts,8,Angus imrie,https://trends.google.ca/trends/explore?q=angus+imrie&date=now+7-d&geo=US,Breakout,217,Franchise,2024-10-03
Fantastic Beasts,9,Professor mcgonagall,https://trends.google.ca/trends/explore?q=professor+mcgonagall&date=now+7-d&geo=US,+850%,217,Franchise,2024-10-03
Fantastic Beasts,10,Bronte carmichael,https://trends.google.ca/trends/explore?q=bronte+carmichael&date=now+7-d&geo=US,+750%,217,Franchise,2024-10-03
Fantastic Beasts,11,Professor mcgonagall fantastic beasts,https://trends.google.ca/trends/explore?q=professor+mcgonagall+fantastic+beasts&date=now+7-d&geo=US,+450%,217,Franchise,2024-10-03
Fantastic Beasts,12,Jamie campbell bower,https://trends.google.ca/trends/explore?q=jamie+campbell+bower&date=now+7-d&geo=US,+400%,217,Franchise,2024-10-03
Fantastic Beasts,13,Sweeney todd,https://trends.google.ca/trends/explore?q=sweeney+todd&date=now+7-d&geo=US,+350%,217,Franchise,2024-10-03
Fantastic Beasts,14,Minerva mcgonagall,https://trends.google.ca/trends/explore?q=minerva+mcgonagall&date=now+7-d&geo=US,+350%,217,Franchise,2024-10-03
Fantastic Beasts,15,Mcgonagall,https://trends.google.ca/trends/explore?q=mcgonagall&date=now+7-d&geo=US,+300%,217,Franchise,2024-10-03
Fantastic Beasts,16,When is fantastic beasts set,https://trends.google.ca/trends/explore?q=when+is+fantastic+beasts+set&date=now+7-d&geo=US,+300%,217,Franchise,2024-10-03
Fantastic Beasts,17,Fiona glascott,https://trends.google.ca/trends/explore?q=fiona+glascott&date=now+7-d&geo=US,+300%,217,Franchise,2024-10-03
Fantastic Beasts,18,Which fantastic beasts movie is first,https://trends.google.ca/trends/explore?q=which+fantastic+beasts+movie+is+first&date=now+7-d&geo=US,+200%,217,Franchise,2024-10-03
Fantastic Beasts,19,Fantastic beasts and where to find them streaming,https://trends.google.ca/trends/explore?q=fantastic+beasts+and+where+to+find+them+streaming&date=now+7-d&geo=US,+200%,217,Franchise,2024-10-03
Fantastic Beasts,20,Fiona glascott fantastic beasts,https://trends.google.ca/trends/explore?q=fiona+glascott+fantastic+beasts&date=now+7-d&geo=US,+180%,217,Franchise,2024-10-03
Fantastic Beasts,21,Lucy david,https://trends.google.ca/trends/explore?q=lucy+david&date=now+7-d&geo=US,+180%,217,Franchise,2024-10-03
Fantastic Beasts,22,Fantastic beasts and harry potter timeline,https://trends.google.ca/trends/explore?q=fantastic+beasts+and+harry+potter+timeline&date=now+7-d&geo=US,+160%,217,Franchise,2024-10-03
Fantastic Beasts,23,Where can i watch fantastic beasts,https://trends.google.ca/trends/explore?q=where+can+i+watch+fantastic+beasts&date=now+7-d&geo=US,+160%,217,Franchise,2024-10-03
Fantastic Beasts,24,Fantastic beasts book set,https://trends.google.ca/trends/explore?q=fantastic+beasts+book+set&date=now+7-d&geo=US,+150%,217,Franchise,2024-10-03
Fantastic Beasts,25,Dumbledore actor,https://trends.google.ca/trends/explore?q=dumbledore+actor&date=now+7-d&geo=US,+150%,217,Franchise,2024-10-03
