Query,Line Number,Seed,Link,Rising Value,idType,tagType,Date
Fargo,1,Wells fargo premier,https://trends.google.ca/trends/explore?q=wells+fargo+premier&date=now+1-d&geo=US,+60%,216,TV Show,2024-10-02
Fargo,2,Wells fargo checking account bonus,https://trends.google.ca/trends/explore?q=wells+fargo+checking+account+bonus&date=now+1-d&geo=US,+50%,216,TV Show,2024-10-02
Fargo,3,Wells fargo careers login,https://trends.google.ca/trends/explore?q=wells+fargo+careers+login&date=now+1-d&geo=US,+50%,216,TV Show,2024-10-02
Fargo,4,Wells fargo seating chart,https://trends.google.ca/trends/explore?q=wells+fargo+seating+chart&date=now+1-d&geo=US,+50%,216,TV Show,2024-10-02
