Query,Line Number,Seed,Link,Rising Value,idType,tagType,Date
Fast X,1,Matilda,https://trends.google.ca/trends/explore?q=matilda&date=now+7-d&geo=US,Breakout,154,Movie,2024-10-03
Fast X,2,Matilda cast,https://trends.google.ca/trends/explore?q=matilda+cast&date=now+7-d&geo=US,Breakout,154,Movie,2024-10-03
Fast X,3,What movie is after fast x,https://trends.google.ca/trends/explore?q=what+movie+is+after+fast+x&date=now+7-d&geo=US,Breakout,154,Movie,2024-10-03
Fast X,4,1992 movie,https://trends.google.ca/trends/explore?q=1992+movie&date=now+7-d&geo=US,Breakout,154,Movie,2024-10-03
Fast X,5,Fast and furious 11 trailer,https://trends.google.ca/trends/explore?q=fast+and+furious+11+trailer&date=now+7-d&geo=US,+400%,154,Movie,2024-10-03
Fast X,6,Fast growing trees,https://trends.google.ca/trends/explore?q=fast+growing+trees&date=now+7-d&geo=US,+350%,154,Movie,2024-10-03
Fast X,7,Fast x rotten tomatoes,https://trends.google.ca/trends/explore?q=fast+x+rotten+tomatoes&date=now+7-d&geo=US,+300%,154,Movie,2024-10-03
Fast X,8,Is there another fast and furious after fast x,https://trends.google.ca/trends/explore?q=is+there+another+fast+and+furious+after+fast+x&date=now+7-d&geo=US,+250%,154,Movie,2024-10-03
Fast X,9,Fast x actor,https://trends.google.ca/trends/explore?q=fast+x+actor&date=now+7-d&geo=US,+200%,154,Movie,2024-10-03
Fast X,10,Fast x part 1,https://trends.google.ca/trends/explore?q=fast+x+part+1&date=now+7-d&geo=US,+150%,154,Movie,2024-10-03
Fast X,11,All fast and furious movies,https://trends.google.ca/trends/explore?q=all+fast+and+furious+movies&date=now+7-d&geo=US,+150%,154,Movie,2024-10-03
Fast X,12,The fast and the furious 2001,https://trends.google.ca/trends/explore?q=the+fast+and+the+furious+2001&date=now+7-d&geo=US,+140%,154,Movie,2024-10-03
Fast X,13,Fate of the furious cast,https://trends.google.ca/trends/explore?q=fate+of+the+furious+cast&date=now+7-d&geo=US,+130%,154,Movie,2024-10-03
Fast X,14,Which is an example of plasmas in nature? solar cells plasma balls auroras clouds,https://trends.google.ca/trends/explore?q=which+is+an+example+of+plasmas+in+nature?+solar+cells+plasma+balls+auroras+clouds&date=now+7-d&geo=US,+130%,154,Movie,2024-10-03
Fast X,15,Fast x part 3 release date,https://trends.google.ca/trends/explore?q=fast+x+part+3+release+date&date=now+7-d&geo=US,+120%,154,Movie,2024-10-03
Fast X,16,When does fast x part 2 come out,https://trends.google.ca/trends/explore?q=when+does+fast+x+part+2+come+out&date=now+7-d&geo=US,+100%,154,Movie,2024-10-03
Fast X,17,How many fast and furious movies are there,https://trends.google.ca/trends/explore?q=how+many+fast+and+furious+movies+are+there&date=now+7-d&geo=US,+100%,154,Movie,2024-10-03
Fast X,18,Space x,https://trends.google.ca/trends/explore?q=space+x&date=now+7-d&geo=US,+70%,154,Movie,2024-10-03
Fast X,19,Fast and furious movies in order,https://trends.google.ca/trends/explore?q=fast+and+furious+movies+in+order&date=now+7-d&geo=US,+50%,154,Movie,2024-10-03
