Query,Line Number,Seed,Link,Rising Value,idType,tagType,Date
Frozen 2,1,Frozen 2010,https://trends.google.ca/trends/explore?q=frozen+2010&date=now+1-d&geo=US,Breakout,154,Movie,2024-10-02
Frozen 2,2,Aurora frozen 2,https://trends.google.ca/trends/explore?q=aurora+frozen+2&date=now+1-d&geo=US,+110%,154,Movie,2024-10-02
Frozen 2,3,When does moana 2 come out,https://trends.google.ca/trends/explore?q=when+does+moana+2+come+out&date=now+1-d&geo=US,+90%,154,Movie,2024-10-02
Frozen 2,4,Frozen 3 release date,https://trends.google.ca/trends/explore?q=frozen+3+release+date&date=now+1-d&geo=US,+50%,154,Movie,2024-10-02
Frozen 2,5,Frozen 2 characters,https://trends.google.ca/trends/explore?q=frozen+2+characters&date=now+1-d&geo=US,+50%,154,Movie,2024-10-02
Frozen 2,6,Moana 2 trailer,https://trends.google.ca/trends/explore?q=moana+2+trailer&date=now+1-d&geo=US,+50%,154,Movie,2024-10-02
Frozen 2,7,Frozen 3 trailer,https://trends.google.ca/trends/explore?q=frozen+3+trailer&date=now+1-d&geo=US,+40%,154,Movie,2024-10-02
Frozen 2,8,Frozen 2 release date,https://trends.google.ca/trends/explore?q=frozen+2+release+date&date=now+1-d&geo=US,+40%,154,Movie,2024-10-02
