Query,Line Number,Seed,Link,Rising Value,Date
 Fuller House,1,Landry bender,https://trends.google.ca/trends/explore?q=landry+bender&date=now+1-d&geo=US,Breakout,2024-10-01
 Fuller House,2,Fuller house cast michelle,https://trends.google.ca/trends/explore?q=fuller+house+cast+michelle&date=now+1-d&geo=US,+300%,2024-10-01
 Fuller House,3,Dj tanner,https://trends.google.ca/trends/explore?q=dj+tanner&date=now+1-d&geo=US,+300%,2024-10-01
 Fuller House,4,John stamos,https://trends.google.ca/trends/explore?q=john+stamos&date=now+1-d&geo=US,+250%,2024-10-01
 Fuller House,5,Alan thicke,https://trends.google.ca/trends/explore?q=alan+thicke&date=now+1-d&geo=US,+130%,2024-10-01
 Fuller House,6,Fuller house season 6,https://trends.google.ca/trends/explore?q=fuller+house+season+6&date=now+1-d&geo=US,+40%,2024-10-01
