Query,Line Number,Seed,Link,Rising Value,idType,tagType,Date
Furiosa: A Mad Max Saga,1,Cast of furiosa a mad max saga,https://trends.google.ca/trends/explore?q=cast+of+furiosa+a+mad+max+saga&date=now+1-d&geo=US,,154,Movie,2024-10-02
Furiosa: A Mad Max Saga,2,Mad max fury road,https://trends.google.ca/trends/explore?q=mad+max+fury+road&date=now+1-d&geo=US,,154,Movie,2024-10-02
Furiosa: A Mad Max Saga,3,Mad max fury road cast,https://trends.google.ca/trends/explore?q=mad+max+fury+road+cast&date=now+1-d&geo=US,,154,Movie,2024-10-02
Furiosa: A Mad Max Saga,4,Anya taylor-joy,https://trends.google.ca/trends/explore?q=anya+taylor-joy&date=now+1-d&geo=US,,154,Movie,2024-10-02
