Query,Line Number,Seed,Link,Rising Value,idType,tagType,Date
Gen V,1,Jaz sinclair,https://trends.google.ca/trends/explore?q=jaz+sinclair&date=now+1-d&geo=US,Breakout,216,TV Show,2024-10-02
Gen V,2,Gen v rotten tomatoes,https://trends.google.ca/trends/explore?q=gen+v+rotten+tomatoes&date=now+1-d&geo=US,Breakout,216,TV Show,2024-10-02
Gen V,3,The boys cast,https://trends.google.ca/trends/explore?q=the+boys+cast&date=now+1-d&geo=US,+160%,216,TV Show,2024-10-02
Gen V,4,Gen v episodes,https://trends.google.ca/trends/explore?q=gen+v+episodes&date=now+1-d&geo=US,+90%,216,TV Show,2024-10-02
Gen V,5,The boys spinoff,https://trends.google.ca/trends/explore?q=the+boys+spinoff&date=now+1-d&geo=US,+60%,216,TV Show,2024-10-02
Gen V,6,When does gen v take place,https://trends.google.ca/trends/explore?q=when+does+gen+v+take+place&date=now+1-d&geo=US,+40%,216,TV Show,2024-10-02
