Query,Line Number,Seed,Link,Rising Value,idType,tagType,Date
Grand Theft Auto,1,Grand theft auto soundtrack,https://trends.google.ca/trends/explore?q=grand+theft+auto+soundtrack&date=now+1-d&geo=US,Breakout,217,Franchise,2024-10-02
Grand Theft Auto,2,Gta 3,https://trends.google.ca/trends/explore?q=gta+3&date=now+1-d&geo=US,+130%,217,Franchise,2024-10-02
Grand Theft Auto,3,Grand theft auto switch,https://trends.google.ca/trends/explore?q=grand+theft+auto+switch&date=now+1-d&geo=US,+70%,217,Franchise,2024-10-02
Grand Theft Auto,4,Grand theft auto chinatown wars,https://trends.google.ca/trends/explore?q=grand+theft+auto+chinatown+wars&date=now+1-d&geo=US,+60%,217,Franchise,2024-10-02
Grand Theft Auto,5,Grand theft auto crime,https://trends.google.ca/trends/explore?q=grand+theft+auto+crime&date=now+1-d&geo=US,+60%,217,Franchise,2024-10-02
Grand Theft Auto,6,Grand theft auto online,https://trends.google.ca/trends/explore?q=grand+theft+auto+online&date=now+1-d&geo=US,+40%,217,Franchise,2024-10-02
