Query,Line Number,Seed,Link,Rising Value,Date
 grass,1,Bermuda grass,https://trends.google.ca/trends/explore?q=bermuda+grass&date=now+1-d&geo=CA,Breakout,2024-09-27
 grass,2,Miscanthus grass,https://trends.google.ca/trends/explore?q=miscanthus+grass&date=now+1-d&geo=CA,Breakout,2024-09-27
 grass,3,Spear grass,https://trends.google.ca/trends/explore?q=spear+grass&date=now+1-d&geo=CA,Breakout,2024-09-27
 grass,4,Couch grass,https://trends.google.ca/trends/explore?q=couch+grass&date=now+1-d&geo=CA,Breakout,2024-09-27
 grass,5,Save on grass,https://trends.google.ca/trends/explore?q=save+on+grass&date=now+1-d&geo=CA,Breakout,2024-09-27
 grass,6,Grass sod rolls near me,https://trends.google.ca/trends/explore?q=grass+sod+rolls+near+me&date=now+1-d&geo=CA,Breakout,2024-09-27
 grass,7,Grass seed on sale near me,https://trends.google.ca/trends/explore?q=grass+seed+on+sale+near+me&date=now+1-d&geo=CA,Breakout,2024-09-27
 grass,8,Green green grass of home,https://trends.google.ca/trends/explore?q=green+green+grass+of+home&date=now+1-d&geo=CA,+500%,2024-09-27
 grass,9,Premium grass blades,https://trends.google.ca/trends/explore?q=premium+grass+blades&date=now+1-d&geo=CA,+160%,2024-09-27
 grass,10,Grass seed on sale,https://trends.google.ca/trends/explore?q=grass+seed+on+sale&date=now+1-d&geo=CA,+120%,2024-09-27
 grass,11,Blue eyed grass,https://trends.google.ca/trends/explore?q=blue+eyed+grass&date=now+1-d&geo=CA,+120%,2024-09-27
 grass,12,Why does my dog eat grass,https://trends.google.ca/trends/explore?q=why+does+my+dog+eat+grass&date=now+1-d&geo=CA,+110%,2024-09-27
 grass,13,Blue grass red deer,https://trends.google.ca/trends/explore?q=blue+grass+red+deer&date=now+1-d&geo=CA,+100%,2024-09-27
 grass,14,Tall grass prairie,https://trends.google.ca/trends/explore?q=tall+grass+prairie&date=now+1-d&geo=CA,+100%,2024-09-27
 grass,15,Canadian tire grass seed,https://trends.google.ca/trends/explore?q=canadian+tire+grass+seed&date=now+1-d&geo=CA,+90%,2024-09-27
 grass,16,Cat grass seeds,https://trends.google.ca/trends/explore?q=cat+grass+seeds&date=now+1-d&geo=CA,+80%,2024-09-27
 grass,17,When does grass stop growing,https://trends.google.ca/trends/explore?q=when+does+grass+stop+growing&date=now+1-d&geo=CA,+80%,2024-09-27
 grass,18,Braiding sweet grass,https://trends.google.ca/trends/explore?q=braiding+sweet+grass&date=now+1-d&geo=CA,+80%,2024-09-27
 grass,19,Leaves of grass,https://trends.google.ca/trends/explore?q=leaves+of+grass&date=now+1-d&geo=CA,+70%,2024-09-27
 grass,20,The grass roots,https://trends.google.ca/trends/explore?q=the+grass+roots&date=now+1-d&geo=CA,+70%,2024-09-27
 grass,21,Blue grass nursery,https://trends.google.ca/trends/explore?q=blue+grass+nursery&date=now+1-d&geo=CA,+50%,2024-09-27
 grass,22,Shade grass seed,https://trends.google.ca/trends/explore?q=shade+grass+seed&date=now+1-d&geo=CA,+40%,2024-09-27
