Query,Line Number,Seed,Link,Rising Value,idType,tagType,Date
Guardians of the Galaxy Vol. 2,1,Guardians of the galaxy awesome mix vol. 1 & vol. 2 song list,https://trends.google.ca/trends/explore?q=guardians+of+the+galaxy+awesome+mix+vol.+1+%26+vol.+2+song+list&date=now+7-d&geo=US,,154,Movie,2024-10-03
Guardians of the Galaxy Vol. 2,2,Guardians of the galaxy soundtrack,https://trends.google.ca/trends/explore?q=guardians+of+the+galaxy+soundtrack&date=now+7-d&geo=US,,154,Movie,2024-10-03
Guardians of the Galaxy Vol. 2,3,Guardians of the galaxy soundtrack list,https://trends.google.ca/trends/explore?q=guardians+of+the+galaxy+soundtrack+list&date=now+7-d&geo=US,,154,Movie,2024-10-03
Guardians of the Galaxy Vol. 2,4,Guardians of the galaxy vol. 2 2017,https://trends.google.ca/trends/explore?q=guardians+of+the+galaxy+vol.+2+2017&date=now+7-d&geo=US,,154,Movie,2024-10-03
