Query,Line Number,Seed,Link,Rising Value,idType,tagType,Date
Halloween Kills,1,Halloween h20 cast,https://trends.google.ca/trends/explore?q=halloween+h20+cast&date=now+7-d&geo=US,Breakout,154,Movie,2024-10-03
Halloween Kills,2,Halloween ends review,https://trends.google.ca/trends/explore?q=halloween+ends+review&date=now+7-d&geo=US,Breakout,154,Movie,2024-10-03
Halloween Kills,3,Who dies in halloween kills,https://trends.google.ca/trends/explore?q=who+dies+in+halloween+kills&date=now+7-d&geo=US,Breakout,154,Movie,2024-10-03
Halloween Kills,4,Robert longstreet,https://trends.google.ca/trends/explore?q=robert+longstreet&date=now+7-d&geo=US,Breakout,154,Movie,2024-10-03
Halloween Kills,5,The forever purge,https://trends.google.ca/trends/explore?q=the+forever+purge&date=now+7-d&geo=US,Breakout,154,Movie,2024-10-03
Halloween Kills,6,Cast of halloween 2007,https://trends.google.ca/trends/explore?q=cast+of+halloween+2007&date=now+7-d&geo=US,Breakout,154,Movie,2024-10-03
Halloween Kills,7,Paul rudd,https://trends.google.ca/trends/explore?q=paul+rudd&date=now+7-d&geo=US,Breakout,154,Movie,2024-10-03
Halloween Kills,8,What's after halloween kills,https://trends.google.ca/trends/explore?q=what's+after+halloween+kills&date=now+7-d&geo=US,Breakout,154,Movie,2024-10-03
Halloween Kills,9,Friday the 13th 1980,https://trends.google.ca/trends/explore?q=friday+the+13th+1980&date=now+7-d&geo=US,Breakout,154,Movie,2024-10-03
Halloween Kills,10,Freaky friday,https://trends.google.ca/trends/explore?q=freaky+friday&date=now+7-d&geo=US,Breakout,154,Movie,2024-10-03
Halloween Kills,11,What year did halloween kills come out,https://trends.google.ca/trends/explore?q=what+year+did+halloween+kills+come+out&date=now+7-d&geo=US,"+4,700%",154,Movie,2024-10-03
Halloween Kills,12,Why is michael myers evil,https://trends.google.ca/trends/explore?q=why+is+michael+myers+evil&date=now+7-d&geo=US,"+3,850%",154,Movie,2024-10-03
Halloween Kills,13,Douglas tait,https://trends.google.ca/trends/explore?q=douglas+tait&date=now+7-d&geo=US,+350%,154,Movie,2024-10-03
Halloween Kills,14,Halloween town,https://trends.google.ca/trends/explore?q=halloween+town&date=now+7-d&geo=US,+350%,154,Movie,2024-10-03
Halloween Kills,15,Halloween 2018 box office,https://trends.google.ca/trends/explore?q=halloween+2018+box+office&date=now+7-d&geo=US,+300%,154,Movie,2024-10-03
Halloween Kills,16,Halloween movies family,https://trends.google.ca/trends/explore?q=halloween+movies+family&date=now+7-d&geo=US,+300%,154,Movie,2024-10-03
Halloween Kills,17,Scream 5,https://trends.google.ca/trends/explore?q=scream+5&date=now+7-d&geo=US,+250%,154,Movie,2024-10-03
Halloween Kills,18,Halloween 4 cast,https://trends.google.ca/trends/explore?q=halloween+4+cast&date=now+7-d&geo=US,+180%,154,Movie,2024-10-03
Halloween Kills,19,Who plays michael myers in halloween kills,https://trends.google.ca/trends/explore?q=who+plays+michael+myers+in+halloween+kills&date=now+7-d&geo=US,+170%,154,Movie,2024-10-03
Halloween Kills,20,Insidious,https://trends.google.ca/trends/explore?q=insidious&date=now+7-d&geo=US,+160%,154,Movie,2024-10-03
Halloween Kills,21,How many halloween movies are there,https://trends.google.ca/trends/explore?q=how+many+halloween+movies+are+there&date=now+7-d&geo=US,+160%,154,Movie,2024-10-03
Halloween Kills,22,Halloween season of the boogeyman,https://trends.google.ca/trends/explore?q=halloween+season+of+the+boogeyman&date=now+7-d&geo=US,+160%,154,Movie,2024-10-03
Halloween Kills,23,Halloween kills plot,https://trends.google.ca/trends/explore?q=halloween+kills+plot&date=now+7-d&geo=US,+140%,154,Movie,2024-10-03
Halloween Kills,24,Halloween h2o,https://trends.google.ca/trends/explore?q=halloween+h2o&date=now+7-d&geo=US,+130%,154,Movie,2024-10-03
Halloween Kills,25,Halloween h20,https://trends.google.ca/trends/explore?q=halloween+h20&date=now+7-d&geo=US,+120%,154,Movie,2024-10-03
