Query,Line Number,Seed,Link,Rising Value,idType,tagType,Date
Halo,1,Benq screen bar halo,https://trends.google.ca/trends/explore?q=benq+screen+bar+halo&date=now+1-d&geo=US,Breakout,217,Franchise,2024-10-02
Halo,2,Halo roasters,https://trends.google.ca/trends/explore?q=halo+roasters&date=now+1-d&geo=US,"+1,500%",217,Franchise,2024-10-02
Halo,3,Benq screenbar halo,https://trends.google.ca/trends/explore?q=benq+screenbar+halo&date=now+1-d&geo=US,+300%,217,Franchise,2024-10-02
Halo,4,Halo couture extensions,https://trends.google.ca/trends/explore?q=halo+couture+extensions&date=now+1-d&geo=US,+200%,217,Franchise,2024-10-02
Halo,5,Nuphy halo 75,https://trends.google.ca/trends/explore?q=nuphy+halo+75&date=now+1-d&geo=US,+160%,217,Franchise,2024-10-02
Halo,6,Cushion cut diamond with halo,https://trends.google.ca/trends/explore?q=cushion+cut+diamond+with+halo&date=now+1-d&geo=US,+140%,217,Franchise,2024-10-02
Halo,7,Honey halo moisturizer,https://trends.google.ca/trends/explore?q=honey+halo+moisturizer&date=now+1-d&geo=US,+110%,217,Franchise,2024-10-02
Halo,8,Halo bed rail,https://trends.google.ca/trends/explore?q=halo+bed+rail&date=now+1-d&geo=US,+100%,217,Franchise,2024-10-02
Halo,9,Halo bolt ultimate 2.0,https://trends.google.ca/trends/explore?q=halo+bolt+ultimate+2.0&date=now+1-d&geo=US,+100%,217,Franchise,2024-10-02
Halo,10,Halo dispensary,https://trends.google.ca/trends/explore?q=halo+dispensary&date=now+1-d&geo=US,+80%,217,Franchise,2024-10-02
Halo,11,Halo 5 water system,https://trends.google.ca/trends/explore?q=halo+5+water+system&date=now+1-d&geo=US,+70%,217,Franchise,2024-10-02
Halo,12,Elf halo glow setting powder,https://trends.google.ca/trends/explore?q=elf+halo+glow+setting+powder&date=now+1-d&geo=US,+70%,217,Franchise,2024-10-02
Halo,13,Halo stock price,https://trends.google.ca/trends/explore?q=halo+stock+price&date=now+1-d&geo=US,+60%,217,Franchise,2024-10-02
Halo,14,Halo magnum,https://trends.google.ca/trends/explore?q=halo+magnum&date=now+1-d&geo=US,+60%,217,Franchise,2024-10-02
Halo,15,Halo farms,https://trends.google.ca/trends/explore?q=halo+farms&date=now+1-d&geo=US,+60%,217,Franchise,2024-10-02
Halo,16,Halo 4 forward unto dawn,https://trends.google.ca/trends/explore?q=halo+4+forward+unto+dawn&date=now+1-d&geo=US,+60%,217,Franchise,2024-10-02
Halo,17,Halo vehicles,https://trends.google.ca/trends/explore?q=halo+vehicles&date=now+1-d&geo=US,+60%,217,Franchise,2024-10-02
Halo,18,Halo games in chronological order,https://trends.google.ca/trends/explore?q=halo+games+in+chronological+order&date=now+1-d&geo=US,+60%,217,Franchise,2024-10-02
Halo,19,Halo books in order,https://trends.google.ca/trends/explore?q=halo+books+in+order&date=now+1-d&geo=US,+50%,217,Franchise,2024-10-02
Halo,20,Halo flashpoint,https://trends.google.ca/trends/explore?q=halo+flashpoint&date=now+1-d&geo=US,+50%,217,Franchise,2024-10-02
Halo,21,Halo head spa,https://trends.google.ca/trends/explore?q=halo+head+spa&date=now+1-d&geo=US,+50%,217,Franchise,2024-10-02
Halo,22,Halo guns,https://trends.google.ca/trends/explore?q=halo+guns&date=now+1-d&geo=US,+40%,217,Franchise,2024-10-02
Halo,23,Halo legends,https://trends.google.ca/trends/explore?q=halo+legends&date=now+1-d&geo=US,+40%,217,Franchise,2024-10-02
Halo,24,Reme halo led,https://trends.google.ca/trends/explore?q=reme+halo+led&date=now+1-d&geo=US,+40%,217,Franchise,2024-10-02
Halo,25,Lego halo,https://trends.google.ca/trends/explore?q=lego+halo&date=now+1-d&geo=US,+40%,217,Franchise,2024-10-02
