Query,Line Number,Label Text,Link,Rising Value
 Instruments,1,Mks instruments,https://trends.google.ca/trends/explore?q=mks+instruments&date=now+1-d&geo=CA,Breakout
 Instruments,2,Statutory instruments act,https://trends.google.ca/trends/explore?q=statutory+instruments+act&date=now+1-d&geo=CA,Breakout
 Instruments,3,Texas instruments stock,https://trends.google.ca/trends/explore?q=texas+instruments+stock&date=now+1-d&geo=CA,+190%
 Instruments,4,Chinese instruments,https://trends.google.ca/trends/explore?q=chinese+instruments&date=now+1-d&geo=CA,+160%
 Instruments,5,Flute,https://trends.google.ca/trends/explore?q=flute&date=now+1-d&geo=CA,+110%
 Instruments,6,Woodwind instruments,https://trends.google.ca/trends/explore?q=woodwind+instruments&date=now+1-d&geo=CA,+110%
 Instruments,7,Trumpet,https://trends.google.ca/trends/explore?q=trumpet&date=now+1-d&geo=CA,+80%
 Instruments,8,Clarinet,https://trends.google.ca/trends/explore?q=clarinet&date=now+1-d&geo=CA,+50%
 Instruments,9,Band instruments,https://trends.google.ca/trends/explore?q=band+instruments&date=now+1-d&geo=CA,+50%
