Query,Line Number,Seed,Link,Rising Value,idType,tagType,Date
Invincible,1,The middle-aged deliveryman becomes an invincible swordsman as a side job,https://trends.google.ca/trends/explore?q=the+middle-aged+deliveryman+becomes+an+invincible+swordsman+as+a+side+job&date=now+7-d&geo=US,Breakout,216,TV Show,2024-10-03
Invincible,2,Vincible,https://trends.google.ca/trends/explore?q=vincible&date=now+7-d&geo=US,+350%,216,TV Show,2024-10-03
Invincible,3,Invincible season 3 episode 1 release date,https://trends.google.ca/trends/explore?q=invincible+season+3+episode+1+release+date&date=now+7-d&geo=US,+200%,216,TV Show,2024-10-03
Invincible,4,Mark hamill invincible,https://trends.google.ca/trends/explore?q=mark+hamill+invincible&date=now+7-d&geo=US,+170%,216,TV Show,2024-10-03
Invincible,5,When is the new season of invincible coming out,https://trends.google.ca/trends/explore?q=when+is+the+new+season+of+invincible+coming+out&date=now+7-d&geo=US,+130%,216,TV Show,2024-10-03
Invincible,6,Invincible fight girl,https://trends.google.ca/trends/explore?q=invincible+fight+girl&date=now+7-d&geo=US,+110%,216,TV Show,2024-10-03
Invincible,7,The incredibles,https://trends.google.ca/trends/explore?q=the+incredibles&date=now+7-d&geo=US,+100%,216,TV Show,2024-10-03
Invincible,8,Mark hamill,https://trends.google.ca/trends/explore?q=mark+hamill&date=now+7-d&geo=US,+100%,216,TV Show,2024-10-03
Invincible,9,Invincible halloween costume,https://trends.google.ca/trends/explore?q=invincible+halloween+costume&date=now+7-d&geo=US,+100%,216,TV Show,2024-10-03
Invincible,10,Invincible merch,https://trends.google.ca/trends/explore?q=invincible+merch&date=now+7-d&geo=US,+90%,216,TV Show,2024-10-03
Invincible,11,Soon i will be invincible,https://trends.google.ca/trends/explore?q=soon+i+will+be+invincible&date=now+7-d&geo=US,+90%,216,TV Show,2024-10-03
Invincible,12,Invincible after shocking my empress wife,https://trends.google.ca/trends/explore?q=invincible+after+shocking+my+empress+wife&date=now+7-d&geo=US,+90%,216,TV Show,2024-10-03
Invincible,13,Invincible age rating,https://trends.google.ca/trends/explore?q=invincible+age+rating&date=now+7-d&geo=US,+90%,216,TV Show,2024-10-03
Invincible,14,Lamborghini invincible,https://trends.google.ca/trends/explore?q=lamborghini+invincible&date=now+7-d&geo=US,+80%,216,TV Show,2024-10-03
Invincible,15,Invincible def,https://trends.google.ca/trends/explore?q=invincible+def&date=now+7-d&geo=US,+80%,216,TV Show,2024-10-03
Invincible,16,Invincible and atom eve,https://trends.google.ca/trends/explore?q=invincible+and+atom+eve&date=now+7-d&geo=US,+80%,216,TV Show,2024-10-03
Invincible,17,Hell's paradise,https://trends.google.ca/trends/explore?q=hell's+paradise&date=now+7-d&geo=US,+70%,216,TV Show,2024-10-03
Invincible,18,Invincible film,https://trends.google.ca/trends/explore?q=invincible+film&date=now+7-d&geo=US,+60%,216,TV Show,2024-10-03
Invincible,19,Nike vomero 17,https://trends.google.ca/trends/explore?q=nike+vomero+17&date=now+7-d&geo=US,+60%,216,TV Show,2024-10-03
Invincible,20,Wow invincible mount,https://trends.google.ca/trends/explore?q=wow+invincible+mount&date=now+7-d&geo=US,+50%,216,TV Show,2024-10-03
Invincible,21,Nike women's invincible 3 running shoes,https://trends.google.ca/trends/explore?q=nike+women's+invincible+3+running+shoes&date=now+7-d&geo=US,+50%,216,TV Show,2024-10-03
Invincible,22,When will season 3 of invincible come out,https://trends.google.ca/trends/explore?q=when+will+season+3+of+invincible+come+out&date=now+7-d&geo=US,+50%,216,TV Show,2024-10-03
Invincible,23,How many seasons of invincible are there,https://trends.google.ca/trends/explore?q=how+many+seasons+of+invincible+are+there&date=now+7-d&geo=US,+50%,216,TV Show,2024-10-03
Invincible,24,Hemovorous the invincible,https://trends.google.ca/trends/explore?q=hemovorous+the+invincible&date=now+7-d&geo=US,+50%,216,TV Show,2024-10-03
Invincible,25,Invincible mount,https://trends.google.ca/trends/explore?q=invincible+mount&date=now+7-d&geo=US,+50%,216,TV Show,2024-10-03
