Query,Line Number,Seed,Link,Rising Value,idType,tagType,Date
Iron Man 2,1,Avengers endgame,https://trends.google.ca/trends/explore?q=avengers+endgame&date=now+1-d&geo=US,Breakout,154,Movie,2024-10-02
Iron Man 2,2,Cast of iron man 2,https://trends.google.ca/trends/explore?q=cast+of+iron+man+2&date=now+1-d&geo=US,+140%,154,Movie,2024-10-02
Iron Man 2,3,Ironman 2,https://trends.google.ca/trends/explore?q=ironman+2&date=now+1-d&geo=US,+80%,154,Movie,2024-10-02
Iron Man 2,4,Elon musk iron man 2,https://trends.google.ca/trends/explore?q=elon+musk+iron+man+2&date=now+1-d&geo=US,+80%,154,Movie,2024-10-02
Iron Man 2,5,Avengers,https://trends.google.ca/trends/explore?q=avengers&date=now+1-d&geo=US,+70%,154,Movie,2024-10-02
Iron Man 2,6,Iron man 3 cast,https://trends.google.ca/trends/explore?q=iron+man+3+cast&date=now+1-d&geo=US,+70%,154,Movie,2024-10-02
