Query,Line Number,Seed,Link,Rising Value,idType,tagType,Date
Iron Fist,1,Iron fist cast,https://trends.google.ca/trends/explore?q=iron+fist+cast&date=now+1-d&geo=US,+160%,216,TV Show,2024-10-02
Iron Fist,2,Iron fist clothing,https://trends.google.ca/trends/explore?q=iron+fist+clothing&date=now+1-d&geo=US,+70%,216,TV Show,2024-10-02
Iron Fist,3,Daredevil,https://trends.google.ca/trends/explore?q=daredevil&date=now+1-d&geo=US,+50%,216,TV Show,2024-10-02
Iron Fist,4,Iron fist marvel,https://trends.google.ca/trends/explore?q=iron+fist+marvel&date=now+1-d&geo=US,+40%,216,TV Show,2024-10-02
Iron Fist,5,Luke cage,https://trends.google.ca/trends/explore?q=luke+cage&date=now+1-d&geo=US,+40%,216,TV Show,2024-10-02
