Query,Line Number,Seed,Link,Rising Value,idType,tagType,Date
Iron Fist,1,Iron fist clothing,https://trends.google.ca/trends/explore?q=iron+fist+clothing&date=now+1-d&geo=US,Breakout,216,TV Show,2024-10-02
Iron Fist,2,Iron claw,https://trends.google.ca/trends/explore?q=iron+claw&date=now+1-d&geo=US,+300%,216,TV Show,2024-10-02
Iron Fist,3,Iron fist cast,https://trends.google.ca/trends/explore?q=iron+fist+cast&date=now+1-d&geo=US,+110%,216,TV Show,2024-10-02
Iron Fist,4,Luke cage,https://trends.google.ca/trends/explore?q=luke+cage&date=now+1-d&geo=US,+90%,216,TV Show,2024-10-02
