Query,Line Number,Seed,Link,Rising Value,idType,tagType,Date
It's Always Sunny in Philadelphia,1,Where to watch it's always sunny in philadelphia,https://trends.google.ca/trends/explore?q=where+to+watch+it's+always+sunny+in+philadelphia&date=now+1-d&geo=US,+70%,216,TV Show,2024-10-02
It's Always Sunny in Philadelphia,2,It's always sunny streaming,https://trends.google.ca/trends/explore?q=it's+always+sunny+streaming&date=now+1-d&geo=US,+60%,216,TV Show,2024-10-02
It's Always Sunny in Philadelphia,3,Rob mcelhenney,https://trends.google.ca/trends/explore?q=rob+mcelhenney&date=now+1-d&geo=US,+50%,216,TV Show,2024-10-02
It's Always Sunny in Philadelphia,4,Always sunny season 17,https://trends.google.ca/trends/explore?q=always+sunny+season+17&date=now+1-d&geo=US,+40%,216,TV Show,2024-10-02
