Query,Line Number,Seed,Link,Rising Value,idType,tagType,Date
It's Always Sunny in Philadelphia,1,Rob mcelhenney,https://trends.google.ca/trends/explore?q=rob+mcelhenney&date=now+1-d&geo=US,+350%,216,TV Show,2024-10-02
It's Always Sunny in Philadelphia,2,It's always sunny in philadelphia meme,https://trends.google.ca/trends/explore?q=it's+always+sunny+in+philadelphia+meme&date=now+1-d&geo=US,+160%,216,TV Show,2024-10-02
It's Always Sunny in Philadelphia,3,It's always sunny in philadelphia season 17,https://trends.google.ca/trends/explore?q=it's+always+sunny+in+philadelphia+season+17&date=now+1-d&geo=US,+80%,216,TV Show,2024-10-02
It's Always Sunny in Philadelphia,4,Charlie day,https://trends.google.ca/trends/explore?q=charlie+day&date=now+1-d&geo=US,+80%,216,TV Show,2024-10-02
It's Always Sunny in Philadelphia,5,It's always sunny streaming,https://trends.google.ca/trends/explore?q=it's+always+sunny+streaming&date=now+1-d&geo=US,+60%,216,TV Show,2024-10-02
