Query,Line Number,Seed,Link,Rising Value,idType,tagType,Date
Jersey Shore: Family Vacation,1,Where to watch jersey family vacation season 8,https://trends.google.ca/trends/explore?q=where+to+watch+jersey+family+vacation+season+8&date=now+1-d&geo=US,Breakout,216,TV Show,2024-10-02
Jersey Shore: Family Vacation,2,Jersey shore family vacation season 5,https://trends.google.ca/trends/explore?q=jersey+shore+family+vacation+season+5&date=now+1-d&geo=US,+130%,216,TV Show,2024-10-02
Jersey Shore: Family Vacation,3,Philo,https://trends.google.ca/trends/explore?q=philo&date=now+1-d&geo=US,+100%,216,TV Show,2024-10-02
Jersey Shore: Family Vacation,4,Angelina pivarnick,https://trends.google.ca/trends/explore?q=angelina+pivarnick&date=now+1-d&geo=US,+60%,216,TV Show,2024-10-02
Jersey Shore: Family Vacation,5,How many seasons of jersey shore family vacation,https://trends.google.ca/trends/explore?q=how+many+seasons+of+jersey+shore+family+vacation&date=now+1-d&geo=US,+60%,216,TV Show,2024-10-02
