Query,Line Number,Seed,Link,Rising Value,idType,tagType,Date
John Wick: Chapter 4,1,Ballerina john wick,https://trends.google.ca/trends/explore?q=ballerina+john+wick&date=now+7-d&geo=US,Breakout,154,Movie,2024-10-03
John Wick: Chapter 4,2,Ballerina 2025,https://trends.google.ca/trends/explore?q=ballerina+2025&date=now+7-d&geo=US,Breakout,154,Movie,2024-10-03
John Wick: Chapter 4,3,Ana de armas,https://trends.google.ca/trends/explore?q=ana+de+armas&date=now+7-d&geo=US,Breakout,154,Movie,2024-10-03
John Wick: Chapter 4,4,John wick chapter 4 ending,https://trends.google.ca/trends/explore?q=john+wick+chapter+4+ending&date=now+7-d&geo=US,Breakout,154,Movie,2024-10-03
John Wick: Chapter 4,5,John wick chapter 5 trailer,https://trends.google.ca/trends/explore?q=john+wick+chapter+5+trailer&date=now+7-d&geo=US,Breakout,154,Movie,2024-10-03
John Wick: Chapter 4,6,Ballerina,https://trends.google.ca/trends/explore?q=ballerina&date=now+7-d&geo=US,+600%,154,Movie,2024-10-03
John Wick: Chapter 4,7,John wick chapter 4 stream,https://trends.google.ca/trends/explore?q=john+wick+chapter+4+stream&date=now+7-d&geo=US,+350%,154,Movie,2024-10-03
John Wick: Chapter 4,8,Does john wick die in chapter 4,https://trends.google.ca/trends/explore?q=does+john+wick+die+in+chapter+4&date=now+7-d&geo=US,+90%,154,Movie,2024-10-03
John Wick: Chapter 4,9,Did john wick die in chapter 4,https://trends.google.ca/trends/explore?q=did+john+wick+die+in+chapter+4&date=now+7-d&geo=US,+70%,154,Movie,2024-10-03
