Query,Line Number,Seed,Link,Rising Value,idType,tagType,Date
Jojo's Bizarre Adventure,1,How many episodes are in jojo's bizarre adventure,https://trends.google.ca/trends/explore?q=how+many+episodes+are+in+jojo's+bizarre+adventure&date=now+1-d&geo=US,Breakout,217,Franchise,2024-10-02
Jojo's Bizarre Adventure,2,Is jojo's bizarre adventure over,https://trends.google.ca/trends/explore?q=is+jojo's+bizarre+adventure+over&date=now+1-d&geo=US,Breakout,217,Franchise,2024-10-02
Jojo's Bizarre Adventure,3,Jojo's bizarre adventure steel ball run,https://trends.google.ca/trends/explore?q=jojo's+bizarre+adventure+steel+ball+run&date=now+1-d&geo=US,+80%,217,Franchise,2024-10-02
Jojo's Bizarre Adventure,4,Jojo's bizarre adventure watch order,https://trends.google.ca/trends/explore?q=jojo's+bizarre+adventure+watch+order&date=now+1-d&geo=US,+70%,217,Franchise,2024-10-02
