Query,Line Number,Seed,Link,Rising Value,idType,tagType,Date
Joker: Folie a Deux,1,Soap2day,https://trends.google.ca/trends/explore?q=soap2day&date=now+1-d&geo=US,Breakout,154,Movie,2024-10-02
Joker: Folie a Deux,2,Glasgow smile,https://trends.google.ca/trends/explore?q=glasgow+smile&date=now+1-d&geo=US,+350%,154,Movie,2024-10-02
Joker: Folie a Deux,3,Terrifier 3,https://trends.google.ca/trends/explore?q=terrifier+3&date=now+1-d&geo=US,+110%,154,Movie,2024-10-02
Joker: Folie a Deux,4,123movies,https://trends.google.ca/trends/explore?q=123movies&date=now+1-d&geo=US,+110%,154,Movie,2024-10-02
Joker: Folie a Deux,5,Transformers one,https://trends.google.ca/trends/explore?q=transformers+one&date=now+1-d&geo=US,+100%,154,Movie,2024-10-02
Joker: Folie a Deux,6,Joker folie a deux soundtrack,https://trends.google.ca/trends/explore?q=joker+folie+a+deux+soundtrack&date=now+1-d&geo=US,+70%,154,Movie,2024-10-02
Joker: Folie a Deux,7,Joker movie review,https://trends.google.ca/trends/explore?q=joker+movie+review&date=now+1-d&geo=US,+60%,154,Movie,2024-10-02
Joker: Folie a Deux,8,Joker 2 review,https://trends.google.ca/trends/explore?q=joker+2+review&date=now+1-d&geo=US,+60%,154,Movie,2024-10-02
Joker: Folie a Deux,9,Joker folie à deux ending,https://trends.google.ca/trends/explore?q=joker+folie+%C3%A0+deux+ending&date=now+1-d&geo=US,+40%,154,Movie,2024-10-02
