Query,Line Number,Seed,Link,Rising Value,Date
 Joy,1,Joe biden,https://trends.google.ca/trends/explore?q=joe+biden&date=now+1-d&geo=CA,Breakout,2024-09-25
 Joy,2,Selen us,https://trends.google.ca/trends/explore?q=selen+us&date=now+1-d&geo=CA,Breakout,2024-09-25
 Joy,3,Vance joy age,https://trends.google.ca/trends/explore?q=vance+joy+age&date=now+1-d&geo=CA,Breakout,2024-09-25
 Joy,4,Whoopi goldberg,https://trends.google.ca/trends/explore?q=whoopi+goldberg&date=now+1-d&geo=CA,Breakout,2024-09-25
 Joy,5,Norvegian joy,https://trends.google.ca/trends/explore?q=norvegian+joy&date=now+1-d&geo=CA,Breakout,2024-09-25
 Joy,6,Norwegian joy capacity,https://trends.google.ca/trends/explore?q=norwegian+joy+capacity&date=now+1-d&geo=CA,Breakout,2024-09-25
 Joy,7,Vance joy height,https://trends.google.ca/trends/explore?q=vance+joy+height&date=now+1-d&geo=CA,Breakout,2024-09-25
 Joy,8,Norwegian joy current position,https://trends.google.ca/trends/explore?q=norwegian+joy+current+position&date=now+1-d&geo=CA,Breakout,2024-09-25
 Joy,9,Tiny habits band,https://trends.google.ca/trends/explore?q=tiny+habits+band&date=now+1-d&geo=CA,Breakout,2024-09-25
 Joy,10,How old is vance joy,https://trends.google.ca/trends/explore?q=how+old+is+vance+joy&date=now+1-d&geo=CA,Breakout,2024-09-25
 Joy,11,Vance joy real name,https://trends.google.ca/trends/explore?q=vance+joy+real+name&date=now+1-d&geo=CA,Breakout,2024-09-25
 Joy,12,How tall is vance joy,https://trends.google.ca/trends/explore?q=how+tall+is+vance+joy&date=now+1-d&geo=CA,Breakout,2024-09-25
 Joy,13,Sky princess,https://trends.google.ca/trends/explore?q=sky+princess&date=now+1-d&geo=CA,Breakout,2024-09-25
 Joy,14,Budjerah,https://trends.google.ca/trends/explore?q=budjerah&date=now+1-d&geo=CA,Breakout,2024-09-25
 Joy,15,Joy sunday,https://trends.google.ca/trends/explore?q=joy+sunday&date=now+1-d&geo=CA,"+5,000%",2024-09-25
 Joy,16,Alyssa farah griffin,https://trends.google.ca/trends/explore?q=alyssa+farah+griffin&date=now+1-d&geo=CA,"+4,100%",2024-09-25
 Joy,17,Vance joy wife,https://trends.google.ca/trends/explore?q=vance+joy+wife&date=now+1-d&geo=CA,+900%,2024-09-25
 Joy,18,Mount joy go station,https://trends.google.ca/trends/explore?q=mount+joy+go+station&date=now+1-d&geo=CA,+600%,2024-09-25
 Joy,19,Vance joy concerts,https://trends.google.ca/trends/explore?q=vance+joy+concerts&date=now+1-d&geo=CA,+300%,2024-09-25
 Joy,20,Joy behar,https://trends.google.ca/trends/explore?q=joy+behar&date=now+1-d&geo=CA,+250%,2024-09-25
 Joy,21,Biden,https://trends.google.ca/trends/explore?q=biden&date=now+1-d&geo=CA,+250%,2024-09-25
 Joy,22,Joy behar age,https://trends.google.ca/trends/explore?q=joy+behar+age&date=now+1-d&geo=CA,+250%,2024-09-25
 Joy,23,Bethany joy lenz book,https://trends.google.ca/trends/explore?q=bethany+joy+lenz+book&date=now+1-d&geo=CA,+200%,2024-09-25
 Joy,24,Vance joy net worth,https://trends.google.ca/trends/explore?q=vance+joy+net+worth&date=now+1-d&geo=CA,+200%,2024-09-25
 Joy,25,Where is vance joy from,https://trends.google.ca/trends/explore?q=where+is+vance+joy+from&date=now+1-d&geo=CA,+200%,2024-09-25
