Query,Line Number,Seed,Link,Rising Value,idType,tagType,Date
Jujutsu Kaisen,1,Jujutsu kaisen manga ending explained,https://trends.google.ca/trends/explore?q=jujutsu+kaisen+manga+ending+explained&date=now+7-d&geo=US,"+1,000%",217,Franchise,2024-10-03
Jujutsu Kaisen,2,Jujutsu kaisen chapter 271 reddit,https://trends.google.ca/trends/explore?q=jujutsu+kaisen+chapter+271+reddit&date=now+7-d&geo=US,+950%,217,Franchise,2024-10-03
Jujutsu Kaisen,3,Jujutsu kaisen chapter 271 explained,https://trends.google.ca/trends/explore?q=jujutsu+kaisen+chapter+271+explained&date=now+7-d&geo=US,+900%,217,Franchise,2024-10-03
Jujutsu Kaisen,4,Jujutsu kaisen 271 english,https://trends.google.ca/trends/explore?q=jujutsu+kaisen+271+english&date=now+7-d&geo=US,+850%,217,Franchise,2024-10-03
Jujutsu Kaisen,5,Jujutsu kaisen 271 español,https://trends.google.ca/trends/explore?q=jujutsu+kaisen+271+espa%C3%B1ol&date=now+7-d&geo=US,+750%,217,Franchise,2024-10-03
Jujutsu Kaisen,6,Jujutsu kaisen 271 reddit,https://trends.google.ca/trends/explore?q=jujutsu+kaisen+271+reddit&date=now+7-d&geo=US,+650%,217,Franchise,2024-10-03
Jujutsu Kaisen,7,Jujutsu kaisen ch 271,https://trends.google.ca/trends/explore?q=jujutsu+kaisen+ch+271&date=now+7-d&geo=US,+600%,217,Franchise,2024-10-03
Jujutsu Kaisen,8,Read jujutsu kaisen 271,https://trends.google.ca/trends/explore?q=read+jujutsu+kaisen+271&date=now+7-d&geo=US,+450%,217,Franchise,2024-10-03
Jujutsu Kaisen,9,Jujutsu kaisen ending reddit,https://trends.google.ca/trends/explore?q=jujutsu+kaisen+ending+reddit&date=now+7-d&geo=US,+450%,217,Franchise,2024-10-03
Jujutsu Kaisen,10,Jujutsu kaisen 272,https://trends.google.ca/trends/explore?q=jujutsu+kaisen+272&date=now+7-d&geo=US,+450%,217,Franchise,2024-10-03
Jujutsu Kaisen,11,Jujutsu kaisen last chapter reddit,https://trends.google.ca/trends/explore?q=jujutsu+kaisen+last+chapter+reddit&date=now+7-d&geo=US,+400%,217,Franchise,2024-10-03
Jujutsu Kaisen,12,Jujutsu kaisen chapter 271,https://trends.google.ca/trends/explore?q=jujutsu+kaisen+chapter+271&date=now+7-d&geo=US,+400%,217,Franchise,2024-10-03
Jujutsu Kaisen,13,Jujutsu kaisen manga 271,https://trends.google.ca/trends/explore?q=jujutsu+kaisen+manga+271&date=now+7-d&geo=US,+400%,217,Franchise,2024-10-03
Jujutsu Kaisen,14,Jujutsu kaisen ending explained,https://trends.google.ca/trends/explore?q=jujutsu+kaisen+ending+explained&date=now+7-d&geo=US,+400%,217,Franchise,2024-10-03
Jujutsu Kaisen,15,How did jujutsu kaisen end,https://trends.google.ca/trends/explore?q=how+did+jujutsu+kaisen+end&date=now+7-d&geo=US,+350%,217,Franchise,2024-10-03
Jujutsu Kaisen,16,Jujutsu kaisen 271,https://trends.google.ca/trends/explore?q=jujutsu+kaisen+271&date=now+7-d&geo=US,+350%,217,Franchise,2024-10-03
Jujutsu Kaisen,17,Jujutsu kaisen ending,https://trends.google.ca/trends/explore?q=jujutsu+kaisen+ending&date=now+7-d&geo=US,+300%,217,Franchise,2024-10-03
Jujutsu Kaisen,18,Jujutsu kaisen ending manga,https://trends.google.ca/trends/explore?q=jujutsu+kaisen+ending+manga&date=now+7-d&geo=US,+300%,217,Franchise,2024-10-03
Jujutsu Kaisen,19,Jujutsu kaisen manga ending,https://trends.google.ca/trends/explore?q=jujutsu+kaisen+manga+ending&date=now+7-d&geo=US,+300%,217,Franchise,2024-10-03
Jujutsu Kaisen,20,Jujutsu kaisen manga chapter 271,https://trends.google.ca/trends/explore?q=jujutsu+kaisen+manga+chapter+271&date=now+7-d&geo=US,+300%,217,Franchise,2024-10-03
Jujutsu Kaisen,21,Jjk 271,https://trends.google.ca/trends/explore?q=jjk+271&date=now+7-d&geo=US,+250%,217,Franchise,2024-10-03
Jujutsu Kaisen,22,Jujutsu kaisen 271 raw,https://trends.google.ca/trends/explore?q=jujutsu+kaisen+271+raw&date=now+7-d&geo=US,+250%,217,Franchise,2024-10-03
Jujutsu Kaisen,23,Jjk 271 raw,https://trends.google.ca/trends/explore?q=jjk+271+raw&date=now+7-d&geo=US,+200%,217,Franchise,2024-10-03
Jujutsu Kaisen,24,Jjk ending,https://trends.google.ca/trends/explore?q=jjk+ending&date=now+7-d&geo=US,+200%,217,Franchise,2024-10-03
Jujutsu Kaisen,25,Did jujutsu kaisen end,https://trends.google.ca/trends/explore?q=did+jujutsu+kaisen+end&date=now+7-d&geo=US,+200%,217,Franchise,2024-10-03
