Query,Line Number,Seed,Link,Rising Value,idType,tagType,Date
Jurassic World: Dominion,1,Jurassic park movies,https://trends.google.ca/trends/explore?q=jurassic+park+movies&date=now+1-d&geo=US,+300%,154,Movie,2024-10-02
Jurassic World: Dominion,2,Jurassic world fallen kingdom,https://trends.google.ca/trends/explore?q=jurassic+world+fallen+kingdom&date=now+1-d&geo=US,+90%,154,Movie,2024-10-02
Jurassic World: Dominion,3,Jurassic world dominion cast,https://trends.google.ca/trends/explore?q=jurassic+world+dominion+cast&date=now+1-d&geo=US,+50%,154,Movie,2024-10-02
Jurassic World: Dominion,4,Jurassic world rebirth,https://trends.google.ca/trends/explore?q=jurassic+world+rebirth&date=now+1-d&geo=US,+50%,154,Movie,2024-10-02
