Query,Line Number,Seed,Link,Rising Value,idType,tagType,Date
Justice League,1,Dc lawless,https://trends.google.ca/trends/explore?q=dc+lawless&date=now+7-d&geo=US,Breakout,217,Franchise,2024-10-03
Justice League,2,Which major league baseball team this week tied the record for most losses in a season?,https://trends.google.ca/trends/explore?q=which+major+league+baseball+team+this+week+tied+the+record+for+most+losses+in+a+season?&date=now+7-d&geo=US,Breakout,217,Franchise,2024-10-03
Justice League,3,League of women voters florida,https://trends.google.ca/trends/explore?q=league+of+women+voters+florida&date=now+7-d&geo=US,Breakout,217,Franchise,2024-10-03
Justice League,4,Justice league membership card,https://trends.google.ca/trends/explore?q=justice+league+membership+card&date=now+7-d&geo=US,Breakout,217,Franchise,2024-10-03
Justice League,5,Zoe lawton,https://trends.google.ca/trends/explore?q=zoe+lawton&date=now+7-d&geo=US,+850%,217,Franchise,2024-10-03
Justice League,6,Suicide squad kill the justice league twitter,https://trends.google.ca/trends/explore?q=suicide+squad+kill+the+justice+league+twitter&date=now+7-d&geo=US,+600%,217,Franchise,2024-10-03
Justice League,7,Suicide squad kill the justice league playable characters,https://trends.google.ca/trends/explore?q=suicide+squad+kill+the+justice+league+playable+characters&date=now+7-d&geo=US,+350%,217,Franchise,2024-10-03
Justice League,8,Suicide squad kill the justice league dlc,https://trends.google.ca/trends/explore?q=suicide+squad+kill+the+justice+league+dlc&date=now+7-d&geo=US,+300%,217,Franchise,2024-10-03
Justice League,9,Justice league unlimited season 3,https://trends.google.ca/trends/explore?q=justice+league+unlimited+season+3&date=now+7-d&geo=US,+250%,217,Franchise,2024-10-03
Justice League,10,Suicide squad kill the justice league deathstroke,https://trends.google.ca/trends/explore?q=suicide+squad+kill+the+justice+league+deathstroke&date=now+7-d&geo=US,+250%,217,Franchise,2024-10-03
Justice League,11,Suicide squad kill the justice league season 3,https://trends.google.ca/trends/explore?q=suicide+squad+kill+the+justice+league+season+3&date=now+7-d&geo=US,+200%,217,Franchise,2024-10-03
Justice League,12,Suicide squad kill the justice league steam charts,https://trends.google.ca/trends/explore?q=suicide+squad+kill+the+justice+league+steam+charts&date=now+7-d&geo=US,+170%,217,Franchise,2024-10-03
Justice League,13,Justice hill,https://trends.google.ca/trends/explore?q=justice+hill&date=now+7-d&geo=US,+160%,217,Franchise,2024-10-03
Justice League,14,Suicide squad kill the justice league characters,https://trends.google.ca/trends/explore?q=suicide+squad+kill+the+justice+league+characters&date=now+7-d&geo=US,+140%,217,Franchise,2024-10-03
Justice League,15,Suicide squad kill the justice league player count,https://trends.google.ca/trends/explore?q=suicide+squad+kill+the+justice+league+player+count&date=now+7-d&geo=US,+130%,217,Franchise,2024-10-03
Justice League,16,Black panther,https://trends.google.ca/trends/explore?q=black+panther&date=now+7-d&geo=US,+120%,217,Franchise,2024-10-03
Justice League,17,Watch zack snyder's justice league,https://trends.google.ca/trends/explore?q=watch+zack+snyder's+justice+league&date=now+7-d&geo=US,+110%,217,Franchise,2024-10-03
Justice League,18,Suicide squad kill the justice league mrs freeze,https://trends.google.ca/trends/explore?q=suicide+squad+kill+the+justice+league+mrs+freeze&date=now+7-d&geo=US,+110%,217,Franchise,2024-10-03
Justice League,19,Suicide kill the justice league,https://trends.google.ca/trends/explore?q=suicide+kill+the+justice+league&date=now+7-d&geo=US,+50%,217,Franchise,2024-10-03
Justice League,20,Suicide squad,https://trends.google.ca/trends/explore?q=suicide+squad&date=now+7-d&geo=US,+50%,217,Franchise,2024-10-03
Justice League,21,Suicide squad kill the justice league,https://trends.google.ca/trends/explore?q=suicide+squad+kill+the+justice+league&date=now+7-d&geo=US,+50%,217,Franchise,2024-10-03
Justice League,22,Kill the justice league,https://trends.google.ca/trends/explore?q=kill+the+justice+league&date=now+7-d&geo=US,+40%,217,Franchise,2024-10-03
