Query,Line Number,Seed,Link,Rising Value,idType,tagType,Date
Keeping Up With The Kardashians,1,Where to stream keeping up with the kardashians,https://trends.google.ca/trends/explore?q=where+to+stream+keeping+up+with+the+kardashians&date=now+7-d&geo=US,Breakout,216,TV Show,2024-10-03
Keeping Up With The Kardashians,2,Lamar odom,https://trends.google.ca/trends/explore?q=lamar+odom&date=now+7-d&geo=US,+350%,216,TV Show,2024-10-03
Keeping Up With The Kardashians,3,Paris hilton,https://trends.google.ca/trends/explore?q=paris+hilton&date=now+7-d&geo=US,+250%,216,TV Show,2024-10-03
Keeping Up With The Kardashians,4,Is keeping up with the kardashians over,https://trends.google.ca/trends/explore?q=is+keeping+up+with+the+kardashians+over&date=now+7-d&geo=US,+200%,216,TV Show,2024-10-03
Keeping Up With The Kardashians,5,Is keeping up with the kardashians scripted,https://trends.google.ca/trends/explore?q=is+keeping+up+with+the+kardashians+scripted&date=now+7-d&geo=US,+170%,216,TV Show,2024-10-03
Keeping Up With The Kardashians,6,Kim k,https://trends.google.ca/trends/explore?q=kim+k&date=now+7-d&geo=US,+150%,216,TV Show,2024-10-03
Keeping Up With The Kardashians,7,Keeping up with the kardashians cancelled,https://trends.google.ca/trends/explore?q=keeping+up+with+the+kardashians+cancelled&date=now+7-d&geo=US,+110%,216,TV Show,2024-10-03
Keeping Up With The Kardashians,8,Scott disick,https://trends.google.ca/trends/explore?q=scott+disick&date=now+7-d&geo=US,+110%,216,TV Show,2024-10-03
Keeping Up With The Kardashians,9,Keeping up with the kardashians 123movies,https://trends.google.ca/trends/explore?q=keeping+up+with+the+kardashians+123movies&date=now+7-d&geo=US,+110%,216,TV Show,2024-10-03
Keeping Up With The Kardashians,10,Cast of keeping up with the kardashians,https://trends.google.ca/trends/explore?q=cast+of+keeping+up+with+the+kardashians&date=now+7-d&geo=US,+90%,216,TV Show,2024-10-03
Keeping Up With The Kardashians,11,Hulu,https://trends.google.ca/trends/explore?q=hulu&date=now+7-d&geo=US,+70%,216,TV Show,2024-10-03
Keeping Up With The Kardashians,12,Keeping up with the kardashians hulu,https://trends.google.ca/trends/explore?q=keeping+up+with+the+kardashians+hulu&date=now+7-d&geo=US,+70%,216,TV Show,2024-10-03
Keeping Up With The Kardashians,13,Reddit keeping up with the kardashians,https://trends.google.ca/trends/explore?q=reddit+keeping+up+with+the+kardashians&date=now+7-d&geo=US,+60%,216,TV Show,2024-10-03
Keeping Up With The Kardashians,14,Bruce jenner,https://trends.google.ca/trends/explore?q=bruce+jenner&date=now+7-d&geo=US,+50%,216,TV Show,2024-10-03
Keeping Up With The Kardashians,15,Kris jenner,https://trends.google.ca/trends/explore?q=kris+jenner&date=now+7-d&geo=US,+50%,216,TV Show,2024-10-03
Keeping Up With The Kardashians,16,Keeping up with the kardashians season 7,https://trends.google.ca/trends/explore?q=keeping+up+with+the+kardashians+season+7&date=now+7-d&geo=US,+50%,216,TV Show,2024-10-03
