Line Number,Label Text,Link,Rising Value
1,How to cut a kiwi,https://trends.google.ca/trends/explore?q=how+to+cut+a+kiwi&date=now+1-d&geo=CA,Breakout
2,Skyscanner,https://trends.google.ca/trends/explore?q=skyscanner&date=now+1-d&geo=CA,+250%
3,Kiwi pharmacy,https://trends.google.ca/trends/explore?q=kiwi+pharmacy&date=now+1-d&geo=CA,+200%
4,Flair,https://trends.google.ca/trends/explore?q=flair&date=now+1-d&geo=CA,+90%
5,Kiwi tree,https://trends.google.ca/trends/explore?q=kiwi+tree&date=now+1-d&geo=CA,+70%
6,Ninja kiwi,https://trends.google.ca/trends/explore?q=ninja+kiwi&date=now+1-d&geo=CA,+70%
7,Kiwi berry,https://trends.google.ca/trends/explore?q=kiwi+berry&date=now+1-d&geo=CA,+60%
8,Kiwi clicker,https://trends.google.ca/trends/explore?q=kiwi+clicker&date=now+1-d&geo=CA,+60%
9,Kiwi co,https://trends.google.ca/trends/explore?q=kiwi+co&date=now+1-d&geo=CA,+60%
10,Kiwi new zealand,https://trends.google.ca/trends/explore?q=kiwi+new+zealand&date=now+1-d&geo=CA,+40%
