Query,Line Number,Seed,Link,Rising Value,idType,tagType,Date
Knives Out,1,Knives out sequel,https://trends.google.ca/trends/explore?q=knives+out+sequel&date=now+1-d&geo=US,+160%,154,Movie,2024-10-02
Knives Out,2,Knives out 2 cast,https://trends.google.ca/trends/explore?q=knives+out+2+cast&date=now+1-d&geo=US,+90%,154,Movie,2024-10-02
Knives Out,3,Ana de armas,https://trends.google.ca/trends/explore?q=ana+de+armas&date=now+1-d&geo=US,+60%,154,Movie,2024-10-02
Knives Out,4,Knives out radiohead,https://trends.google.ca/trends/explore?q=knives+out+radiohead&date=now+1-d&geo=US,+60%,154,Movie,2024-10-02
