Query,Line Number,Seed,Link,Rising Value,idType,tagType,Date
Love Is Blind,1,Leo brody,https://trends.google.ca/trends/explore?q=leo+brody&date=now+1-d&geo=US,Breakout,216,TV Show,2024-10-02
Love Is Blind,2,Leo braudy,https://trends.google.ca/trends/explore?q=leo+braudy&date=now+1-d&geo=US,Breakout,216,TV Show,2024-10-02
Love Is Blind,3,Hannah love is blind season 7,https://trends.google.ca/trends/explore?q=hannah+love+is+blind+season+7&date=now+1-d&geo=US,Breakout,216,TV Show,2024-10-02
Love Is Blind,4,Nick dorka,https://trends.google.ca/trends/explore?q=nick+dorka&date=now+1-d&geo=US,Breakout,216,TV Show,2024-10-02
Love Is Blind,5,Leo brody art dealer net worth,https://trends.google.ca/trends/explore?q=leo+brody+art+dealer+net+worth&date=now+1-d&geo=US,Breakout,216,TV Show,2024-10-02
Love Is Blind,6,Henry cavill,https://trends.google.ca/trends/explore?q=henry+cavill&date=now+1-d&geo=US,Breakout,216,TV Show,2024-10-02
Love Is Blind,7,Hannah jiles,https://trends.google.ca/trends/explore?q=hannah+jiles&date=now+1-d&geo=US,Breakout,216,TV Show,2024-10-02
Love Is Blind,8,Physicist,https://trends.google.ca/trends/explore?q=physicist&date=now+1-d&geo=US,Breakout,216,TV Show,2024-10-02
Love Is Blind,9,Nick dorka football,https://trends.google.ca/trends/explore?q=nick+dorka+football&date=now+1-d&geo=US,Breakout,216,TV Show,2024-10-02
Love Is Blind,10,Brittany wisniewski,https://trends.google.ca/trends/explore?q=brittany+wisniewski&date=now+1-d&geo=US,Breakout,216,TV Show,2024-10-02
Love Is Blind,11,Leo love is blind,https://trends.google.ca/trends/explore?q=leo+love+is+blind&date=now+1-d&geo=US,Breakout,216,TV Show,2024-10-02
Love Is Blind,12,Leo brody love is blind,https://trends.google.ca/trends/explore?q=leo+brody+love+is+blind&date=now+1-d&geo=US,"+3,600%",216,TV Show,2024-10-02
Love Is Blind,13,Love is blind hannah,https://trends.google.ca/trends/explore?q=love+is+blind+hannah&date=now+1-d&geo=US,"+2,700%",216,TV Show,2024-10-02
Love Is Blind,14,Brittany love is blind,https://trends.google.ca/trends/explore?q=brittany+love+is+blind&date=now+1-d&geo=US,+550%,216,TV Show,2024-10-02
Love Is Blind,15,Love is blind taylor,https://trends.google.ca/trends/explore?q=love+is+blind+taylor&date=now+1-d&geo=US,+350%,216,TV Show,2024-10-02
Love Is Blind,16,Where is love is blind season 7,https://trends.google.ca/trends/explore?q=where+is+love+is+blind+season+7&date=now+1-d&geo=US,+130%,216,TV Show,2024-10-02
Love Is Blind,17,Season 7 love is blind,https://trends.google.ca/trends/explore?q=season+7+love+is+blind&date=now+1-d&geo=US,+70%,216,TV Show,2024-10-02
Love Is Blind,18,Love is blind episodes,https://trends.google.ca/trends/explore?q=love+is+blind+episodes&date=now+1-d&geo=US,+50%,216,TV Show,2024-10-02
