Query,Line Number,Seed,Link,Rising Value,idType,tagType,Date
Luke Cage,1,How strong is luke cage,https://trends.google.ca/trends/explore?q=how+strong+is+luke+cage&date=now+1-d&geo=US,Breakout,216,TV Show,2024-10-02
Luke Cage,2,Luke cage mortal kombat,https://trends.google.ca/trends/explore?q=luke+cage+mortal+kombat&date=now+1-d&geo=US,Breakout,216,TV Show,2024-10-02
Luke Cage,3,Daredevil,https://trends.google.ca/trends/explore?q=daredevil&date=now+1-d&geo=US,+120%,216,TV Show,2024-10-02
Luke Cage,4,Luke cage season 1,https://trends.google.ca/trends/explore?q=luke+cage+season+1&date=now+1-d&geo=US,+120%,216,TV Show,2024-10-02
Luke Cage,5,Iron fist,https://trends.google.ca/trends/explore?q=iron+fist&date=now+1-d&geo=US,+50%,216,TV Show,2024-10-02
