Query,Line Number,Seed,Link,Rising Value,Date
 Mad Max: Fury Road,1,Charlize theron,https://trends.google.ca/trends/explore?q=charlize+theron&date=now+7-d&geo=CA,+80%,2024-09-26
 Mad Max: Fury Road,2,Mad max beyond thunderdome,https://trends.google.ca/trends/explore?q=mad+max+beyond+thunderdome&date=now+7-d&geo=CA,+60%,2024-09-26
 Mad Max: Fury Road,3,Mad max movies,https://trends.google.ca/trends/explore?q=mad+max+movies&date=now+7-d&geo=CA,+50%,2024-09-26
 Mad Max: Fury Road,4,Charlize theron,https://trends.google.ca/trends/explore?q=charlize+theron&date=now+7-d&geo=CA,+80%,2024-09-26
 Mad Max: Fury Road,5,Mad max beyond thunderdome,https://trends.google.ca/trends/explore?q=mad+max+beyond+thunderdome&date=now+7-d&geo=CA,+60%,2024-09-26
 Mad Max: Fury Road,6,Mad max movies,https://trends.google.ca/trends/explore?q=mad+max+movies&date=now+7-d&geo=CA,+50%,2024-09-26
 Mad Max: Fury Road,7,Charlize theron,https://trends.google.ca/trends/explore?q=charlize+theron&date=now+7-d&geo=CA,+80%,2024-09-26
 Mad Max: Fury Road,8,Mad max beyond thunderdome,https://trends.google.ca/trends/explore?q=mad+max+beyond+thunderdome&date=now+7-d&geo=CA,+60%,2024-09-26
 Mad Max: Fury Road,9,Mad max movies,https://trends.google.ca/trends/explore?q=mad+max+movies&date=now+7-d&geo=CA,+50%,2024-09-26
