Query,Line Number,Seed,Link,Rising Value,idType,tagType,Date
Mad Max,1,Furiosa a mad max saga showtimes,https://trends.google.ca/trends/explore?q=furiosa+a+mad+max+saga+showtimes&date=now+7-d&geo=US,"+3,700%",154,Movie,2024-10-03
Mad Max,2,Mad max fury road guitar guy,https://trends.google.ca/trends/explore?q=mad+max+fury+road+guitar+guy&date=now+7-d&geo=US,+160%,154,Movie,2024-10-03
Mad Max,3,Is mad max marvel,https://trends.google.ca/trends/explore?q=is+mad+max+marvel&date=now+7-d&geo=US,+140%,154,Movie,2024-10-03
Mad Max,4,Gladiator,https://trends.google.ca/trends/explore?q=gladiator&date=now+7-d&geo=US,+130%,154,Movie,2024-10-03
Mad Max,5,Mad max blood bag,https://trends.google.ca/trends/explore?q=mad+max+blood+bag&date=now+7-d&geo=US,+110%,154,Movie,2024-10-03
Mad Max,6,Mad max fury road review,https://trends.google.ca/trends/explore?q=mad+max+fury+road+review&date=now+7-d&geo=US,+100%,154,Movie,2024-10-03
Mad Max,7,Watch mad max 1979,https://trends.google.ca/trends/explore?q=watch+mad+max+1979&date=now+7-d&geo=US,+100%,154,Movie,2024-10-03
Mad Max,8,Mad max stranger things,https://trends.google.ca/trends/explore?q=mad+max+stranger+things&date=now+7-d&geo=US,+80%,154,Movie,2024-10-03
Mad Max,9,Alien romulus,https://trends.google.ca/trends/explore?q=alien+romulus&date=now+7-d&geo=US,+70%,154,Movie,2024-10-03
Mad Max,10,Deadpool 3,https://trends.google.ca/trends/explore?q=deadpool+3&date=now+7-d&geo=US,+70%,154,Movie,2024-10-03
Mad Max,11,Witness me mad max,https://trends.google.ca/trends/explore?q=witness+me+mad+max&date=now+7-d&geo=US,+60%,154,Movie,2024-10-03
Mad Max,12,Mad max halloween costume,https://trends.google.ca/trends/explore?q=mad+max+halloween+costume&date=now+7-d&geo=US,+60%,154,Movie,2024-10-03
Mad Max,13,Mad max fury road wiki,https://trends.google.ca/trends/explore?q=mad+max+fury+road+wiki&date=now+7-d&geo=US,+50%,154,Movie,2024-10-03
Mad Max,14,Mad max restaurant,https://trends.google.ca/trends/explore?q=mad+max+restaurant&date=now+7-d&geo=US,+50%,154,Movie,2024-10-03
Mad Max,15,Mad max movie order,https://trends.google.ca/trends/explore?q=mad+max+movie+order&date=now+7-d&geo=US,+50%,154,Movie,2024-10-03
Mad Max,16,Mel gibson movies,https://trends.google.ca/trends/explore?q=mel+gibson+movies&date=now+7-d&geo=US,+50%,154,Movie,2024-10-03
Mad Max,17,When does mad max take place,https://trends.google.ca/trends/explore?q=when+does+mad+max+take+place&date=now+7-d&geo=US,+50%,154,Movie,2024-10-03
Mad Max,18,Mad max guitar guy,https://trends.google.ca/trends/explore?q=mad+max+guitar+guy&date=now+7-d&geo=US,+50%,154,Movie,2024-10-03
Mad Max,19,Abbey lee mad max,https://trends.google.ca/trends/explore?q=abbey+lee+mad+max&date=now+7-d&geo=US,+50%,154,Movie,2024-10-03
Mad Max,20,Mad max ps4,https://trends.google.ca/trends/explore?q=mad+max+ps4&date=now+7-d&geo=US,+40%,154,Movie,2024-10-03
Mad Max,21,Mad maxx,https://trends.google.ca/trends/explore?q=mad+maxx&date=now+7-d&geo=US,+40%,154,Movie,2024-10-03
