Query,Line Number,Seed,Link,Rising Value,idType,tagType,Date
Man of Steel,1,How did j.p. morgan’s life differ from that of andrew carnegie?,https://trends.google.ca/trends/explore?q=how+did+j.p.+morgan%E2%80%99s+life+differ+from+that+of+andrew+carnegie?&date=now+7-d&geo=US,Breakout,154,Movie,2024-10-03
Man of Steel,2,Gal gadot,https://trends.google.ca/trends/explore?q=gal+gadot&date=now+7-d&geo=US,Breakout,154,Movie,2024-10-03
Man of Steel,3,Man of steel woman of kleenex,https://trends.google.ca/trends/explore?q=man+of+steel+woman+of+kleenex&date=now+7-d&geo=US,Breakout,154,Movie,2024-10-03
Man of Steel,4,Michael shannon movies,https://trends.google.ca/trends/explore?q=michael+shannon+movies&date=now+7-d&geo=US,Breakout,154,Movie,2024-10-03
Man of Steel,5,Rachel mcadams,https://trends.google.ca/trends/explore?q=rachel+mcadams&date=now+7-d&geo=US,Breakout,154,Movie,2024-10-03
Man of Steel,6,Wonder woman 2017,https://trends.google.ca/trends/explore?q=wonder+woman+2017&date=now+7-d&geo=US,Breakout,154,Movie,2024-10-03
Man of Steel,7,Zack snyder's justice league,https://trends.google.ca/trends/explore?q=zack+snyder's+justice+league&date=now+7-d&geo=US,+250%,154,Movie,2024-10-03
Man of Steel,8,What movie comes after man of steel,https://trends.google.ca/trends/explore?q=what+movie+comes+after+man+of+steel&date=now+7-d&geo=US,+250%,154,Movie,2024-10-03
Man of Steel,9,Justice league snyder cut,https://trends.google.ca/trends/explore?q=justice+league+snyder+cut&date=now+7-d&geo=US,+170%,154,Movie,2024-10-03
Man of Steel,10,An introductory section that sets up a lengthy text is a timeline. conclusion. prologue. caption.,https://trends.google.ca/trends/explore?q=an+introductory+section+that+sets+up+a+lengthy+text+is+a+timeline.+conclusion.+prologue.+caption.&date=now+7-d&geo=US,+160%,154,Movie,2024-10-03
Man of Steel,11,Man of steel codex,https://trends.google.ca/trends/explore?q=man+of+steel+codex&date=now+7-d&geo=US,+140%,154,Movie,2024-10-03
Man of Steel,12,Dc movies in order,https://trends.google.ca/trends/explore?q=dc+movies+in+order&date=now+7-d&geo=US,+130%,154,Movie,2024-10-03
Man of Steel,13,The suicide squad,https://trends.google.ca/trends/explore?q=the+suicide+squad&date=now+7-d&geo=US,+110%,154,Movie,2024-10-03
Man of Steel,14,Man of steel yacht,https://trends.google.ca/trends/explore?q=man+of+steel+yacht&date=now+7-d&geo=US,+100%,154,Movie,2024-10-03
