Query,Line Number,Seed,Link,Rising Value,Date
 Manila,1,Manila times news,https://trends.google.ca/trends/explore?q=manila+times+news&date=now+1-d&geo=CA,Breakout,2024-09-27
 Manila,2,Sofitel manila,https://trends.google.ca/trends/explore?q=sofitel+manila&date=now+1-d&geo=CA,Breakout,2024-09-27
 Manila,3,Manila grey,https://trends.google.ca/trends/explore?q=manila+grey&date=now+1-d&geo=CA,+120%,2024-09-27
 Manila,4,Yyz to manila,https://trends.google.ca/trends/explore?q=yyz+to+manila&date=now+1-d&geo=CA,+110%,2024-09-27
 Manila,5,Iom manila health center,https://trends.google.ca/trends/explore?q=iom+manila+health+center&date=now+1-d&geo=CA,+90%,2024-09-27
 Manila,6,Casa manila,https://trends.google.ca/trends/explore?q=casa+manila&date=now+1-d&geo=CA,+80%,2024-09-27
 Manila,7,Manila times,https://trends.google.ca/trends/explore?q=manila+times&date=now+1-d&geo=CA,+80%,2024-09-27
 Manila,8,Manila weather,https://trends.google.ca/trends/explore?q=manila+weather&date=now+1-d&geo=CA,+50%,2024-09-27
 Manila,9,Manila bakery,https://trends.google.ca/trends/explore?q=manila+bakery&date=now+1-d&geo=CA,+40%,2024-09-27
