Query,Line Number,Seed,Link,Rising Value,idType,tagType,Date
Married At First Sight,1,Kirsten married at first sight instagram,https://trends.google.ca/trends/explore?q=kirsten+married+at+first+sight+instagram&date=now+7-d&geo=US,Breakout,216,TV Show,2024-10-03
Married At First Sight,2,Cortney hendrix,https://trends.google.ca/trends/explore?q=cortney+hendrix&date=now+7-d&geo=US,Breakout,216,TV Show,2024-10-03
Married At First Sight,3,Love is blind season 6,https://trends.google.ca/trends/explore?q=love+is+blind+season+6&date=now+7-d&geo=US,+350%,216,TV Show,2024-10-03
Married At First Sight,4,Vaughn married at first sight,https://trends.google.ca/trends/explore?q=vaughn+married+at+first+sight&date=now+7-d&geo=US,+300%,216,TV Show,2024-10-03
Married At First Sight,5,Jason and cortney married at first sight,https://trends.google.ca/trends/explore?q=jason+and+cortney+married+at+first+sight&date=now+7-d&geo=US,+250%,216,TV Show,2024-10-03
Married At First Sight,6,Married at first sight season 13 who is still together,https://trends.google.ca/trends/explore?q=married+at+first+sight+season+13+who+is+still+together&date=now+7-d&geo=US,+250%,216,TV Show,2024-10-03
Married At First Sight,7,Kirsten from married at first sight,https://trends.google.ca/trends/explore?q=kirsten+from+married+at+first+sight&date=now+7-d&geo=US,+250%,216,TV Show,2024-10-03
Married At First Sight,8,Married at first sight black couples,https://trends.google.ca/trends/explore?q=married+at+first+sight+black+couples&date=now+7-d&geo=US,+200%,216,TV Show,2024-10-03
Married At First Sight,9,Klinefelter syndrome,https://trends.google.ca/trends/explore?q=klinefelter+syndrome&date=now+7-d&geo=US,+200%,216,TV Show,2024-10-03
Married At First Sight,10,Gil from married at first sight,https://trends.google.ca/trends/explore?q=gil+from+married+at+first+sight&date=now+7-d&geo=US,+190%,216,TV Show,2024-10-03
Married At First Sight,11,Gil married at first sight,https://trends.google.ca/trends/explore?q=gil+married+at+first+sight&date=now+7-d&geo=US,+190%,216,TV Show,2024-10-03
Married At First Sight,12,Married at first sight casting,https://trends.google.ca/trends/explore?q=married+at+first+sight+casting&date=now+7-d&geo=US,+180%,216,TV Show,2024-10-03
Married At First Sight,13,Love is blind season 7,https://trends.google.ca/trends/explore?q=love+is+blind+season+7&date=now+7-d&geo=US,+170%,216,TV Show,2024-10-03
Married At First Sight,14,Myrla married at first sight,https://trends.google.ca/trends/explore?q=myrla+married+at+first+sight&date=now+7-d&geo=US,+160%,216,TV Show,2024-10-03
Married At First Sight,15,Jason married at first sight,https://trends.google.ca/trends/explore?q=jason+married+at+first+sight&date=now+7-d&geo=US,+160%,216,TV Show,2024-10-03
Married At First Sight,16,Michaela married at first sight instagram,https://trends.google.ca/trends/explore?q=michaela+married+at+first+sight+instagram&date=now+7-d&geo=US,+160%,216,TV Show,2024-10-03
Married At First Sight,17,Married at first sight houston,https://trends.google.ca/trends/explore?q=married+at+first+sight+houston&date=now+7-d&geo=US,+150%,216,TV Show,2024-10-03
Married At First Sight,18,When does married at first sight come back on,https://trends.google.ca/trends/explore?q=when+does+married+at+first+sight+come+back+on&date=now+7-d&geo=US,+150%,216,TV Show,2024-10-03
Married At First Sight,19,Bao married at first sight,https://trends.google.ca/trends/explore?q=bao+married+at+first+sight&date=now+7-d&geo=US,+140%,216,TV Show,2024-10-03
Married At First Sight,20,Chris williams married at first sight,https://trends.google.ca/trends/explore?q=chris+williams+married+at+first+sight&date=now+7-d&geo=US,+140%,216,TV Show,2024-10-03
Married At First Sight,21,Luke married at first sight,https://trends.google.ca/trends/explore?q=luke+married+at+first+sight&date=now+7-d&geo=US,+130%,216,TV Show,2024-10-03
Married At First Sight,22,Johnny married at first sight,https://trends.google.ca/trends/explore?q=johnny+married+at+first+sight&date=now+7-d&geo=US,+130%,216,TV Show,2024-10-03
Married At First Sight,23,Married at first sight season 13 cast,https://trends.google.ca/trends/explore?q=married+at+first+sight+season+13+cast&date=now+7-d&geo=US,+130%,216,TV Show,2024-10-03
Married At First Sight,24,Ryan and jessica married at first sight,https://trends.google.ca/trends/explore?q=ryan+and+jessica+married+at+first+sight&date=now+7-d&geo=US,+130%,216,TV Show,2024-10-03
Married At First Sight,25,Love is blind new season,https://trends.google.ca/trends/explore?q=love+is+blind+new+season&date=now+7-d&geo=US,+120%,216,TV Show,2024-10-03
