Query,Line Number,Seed,Link,Rising Value,idType,tagType,Date
Marvel Cinematic Universe,1,Dc extended universe,https://trends.google.ca/trends/explore?q=dc+extended+universe&date=now+7-d&geo=US,Breakout,217,Franchise,2024-10-03
Marvel Cinematic Universe,2,Marvel cinematic universe phases,https://trends.google.ca/trends/explore?q=marvel+cinematic+universe+phases&date=now+7-d&geo=US,+350%,217,Franchise,2024-10-03
Marvel Cinematic Universe,3,Vision marvel cinematic universe,https://trends.google.ca/trends/explore?q=vision+marvel+cinematic+universe&date=now+7-d&geo=US,+180%,217,Franchise,2024-10-03
Marvel Cinematic Universe,4,Imdb,https://trends.google.ca/trends/explore?q=imdb&date=now+7-d&geo=US,+160%,217,Franchise,2024-10-03
Marvel Cinematic Universe,5,Marvel cinematic universe blu ray,https://trends.google.ca/trends/explore?q=marvel+cinematic+universe+blu+ray&date=now+7-d&geo=US,+150%,217,Franchise,2024-10-03
Marvel Cinematic Universe,6,Marvel cinematic universe order of release,https://trends.google.ca/trends/explore?q=marvel+cinematic+universe+order+of+release&date=now+7-d&geo=US,+130%,217,Franchise,2024-10-03
Marvel Cinematic Universe,7,Beetlejuice beetlejuice,https://trends.google.ca/trends/explore?q=beetlejuice+beetlejuice&date=now+7-d&geo=US,+110%,217,Franchise,2024-10-03
Marvel Cinematic Universe,8,Marvel cinematic universe movies in order,https://trends.google.ca/trends/explore?q=marvel+cinematic+universe+movies+in+order&date=now+7-d&geo=US,+100%,217,Franchise,2024-10-03
Marvel Cinematic Universe,9,Wandavision,https://trends.google.ca/trends/explore?q=wandavision&date=now+7-d&geo=US,+100%,217,Franchise,2024-10-03
Marvel Cinematic Universe,10,J.a.r.v.i.s. marvel cinematic universe,https://trends.google.ca/trends/explore?q=j.a.r.v.i.s.+marvel+cinematic+universe&date=now+7-d&geo=US,+80%,217,Franchise,2024-10-03
Marvel Cinematic Universe,11,Avengers,https://trends.google.ca/trends/explore?q=avengers&date=now+7-d&geo=US,+50%,217,Franchise,2024-10-03
Marvel Cinematic Universe,12,Marvel comics,https://trends.google.ca/trends/explore?q=marvel+comics&date=now+7-d&geo=US,+40%,217,Franchise,2024-10-03
Marvel Cinematic Universe,13,Ao3 marvel cinematic universe,https://trends.google.ca/trends/explore?q=ao3+marvel+cinematic+universe&date=now+7-d&geo=US,+40%,217,Franchise,2024-10-03
Marvel Cinematic Universe,14,Mephisto,https://trends.google.ca/trends/explore?q=mephisto&date=now+7-d&geo=US,+40%,217,Franchise,2024-10-03
