Query,Line Number,Seed,Link,Rising Value,idType,tagType,Date
Monster Hunter,1,Pcpartpicker,https://trends.google.ca/trends/explore?q=pcpartpicker&date=now+1-d&geo=US,Breakout,217,Franchise,2024-10-02
Monster Hunter,2,Monster hunter worlds mods,https://trends.google.ca/trends/explore?q=monster+hunter+worlds+mods&date=now+1-d&geo=US,Breakout,217,Franchise,2024-10-02
Monster Hunter,3,When does monster hunter wilds release,https://trends.google.ca/trends/explore?q=when+does+monster+hunter+wilds+release&date=now+1-d&geo=US,Breakout,217,Franchise,2024-10-02
Monster Hunter,4,Monster hunter ps1,https://trends.google.ca/trends/explore?q=monster+hunter+ps1&date=now+1-d&geo=US,Breakout,217,Franchise,2024-10-02
Monster Hunter,5,Monster hunter stories egg guide,https://trends.google.ca/trends/explore?q=monster+hunter+stories+egg+guide&date=now+1-d&geo=US,Breakout,217,Franchise,2024-10-02
Monster Hunter,6,Ceadeus monster hunter,https://trends.google.ca/trends/explore?q=ceadeus+monster+hunter&date=now+1-d&geo=US,Breakout,217,Franchise,2024-10-02
Monster Hunter,7,What is affinity in monster hunter rise,https://trends.google.ca/trends/explore?q=what+is+affinity+in+monster+hunter+rise&date=now+1-d&geo=US,"+4,300%",217,Franchise,2024-10-02
Monster Hunter,8,Monster hunter rise light crystal,https://trends.google.ca/trends/explore?q=monster+hunter+rise+light+crystal&date=now+1-d&geo=US,"+2,750%",217,Franchise,2024-10-02
Monster Hunter,9,Khezu monster hunter,https://trends.google.ca/trends/explore?q=khezu+monster+hunter&date=now+1-d&geo=US,+400%,217,Franchise,2024-10-02
Monster Hunter,10,Alma monster hunter,https://trends.google.ca/trends/explore?q=alma+monster+hunter&date=now+1-d&geo=US,+350%,217,Franchise,2024-10-02
Monster Hunter,11,Monster hunter dalamadur,https://trends.google.ca/trends/explore?q=monster+hunter+dalamadur&date=now+1-d&geo=US,+300%,217,Franchise,2024-10-02
Monster Hunter,12,Dalamadur,https://trends.google.ca/trends/explore?q=dalamadur&date=now+1-d&geo=US,+250%,217,Franchise,2024-10-02
Monster Hunter,13,Monster hunter world player count,https://trends.google.ca/trends/explore?q=monster+hunter+world+player+count&date=now+1-d&geo=US,+250%,217,Franchise,2024-10-02
Monster Hunter,14,Monster hunter frontier z,https://trends.google.ca/trends/explore?q=monster+hunter+frontier+z&date=now+1-d&geo=US,+250%,217,Franchise,2024-10-02
Monster Hunter,15,Monster hunter stories 3,https://trends.google.ca/trends/explore?q=monster+hunter+stories+3&date=now+1-d&geo=US,+180%,217,Franchise,2024-10-02
Monster Hunter,16,Horror movies,https://trends.google.ca/trends/explore?q=horror+movies&date=now+1-d&geo=US,+170%,217,Franchise,2024-10-02
Monster Hunter,17,Monster hunter wilds demo release date,https://trends.google.ca/trends/explore?q=monster+hunter+wilds+demo+release+date&date=now+1-d&geo=US,+150%,217,Franchise,2024-10-02
Monster Hunter,18,Monster hunter movie watch,https://trends.google.ca/trends/explore?q=monster+hunter+movie+watch&date=now+1-d&geo=US,+130%,217,Franchise,2024-10-02
Monster Hunter,19,Deviljho,https://trends.google.ca/trends/explore?q=deviljho&date=now+1-d&geo=US,+130%,217,Franchise,2024-10-02
Monster Hunter,20,Monster hunter wilds ps4,https://trends.google.ca/trends/explore?q=monster+hunter+wilds+ps4&date=now+1-d&geo=US,+130%,217,Franchise,2024-10-02
Monster Hunter,21,Monster hunter wilds beta,https://trends.google.ca/trends/explore?q=monster+hunter+wilds+beta&date=now+1-d&geo=US,+120%,217,Franchise,2024-10-02
Monster Hunter,22,Xeno'jiiva,https://trends.google.ca/trends/explore?q=xeno'jiiva&date=now+1-d&geo=US,+120%,217,Franchise,2024-10-02
Monster Hunter,23,Monster hunter wilds pre order bonus,https://trends.google.ca/trends/explore?q=monster+hunter+wilds+pre+order+bonus&date=now+1-d&geo=US,+110%,217,Franchise,2024-10-02
Monster Hunter,24,Elder dragons monster hunter,https://trends.google.ca/trends/explore?q=elder+dragons+monster+hunter&date=now+1-d&geo=US,+100%,217,Franchise,2024-10-02
Monster Hunter,25,Monster hunter wilds demo,https://trends.google.ca/trends/explore?q=monster+hunter+wilds+demo&date=now+1-d&geo=US,+70%,217,Franchise,2024-10-02
