Query,Line Number,Seed,Link,Rising Value,Date
 Motorcycle,1,Gp bikes,https://trends.google.ca/trends/explore?q=gp+bikes&date=now+1-d&geo=CA,Breakout,2024-09-27
 Motorcycle,2,Desjardins motorcycle insurance,https://trends.google.ca/trends/explore?q=desjardins+motorcycle+insurance&date=now+1-d&geo=CA,Breakout,2024-09-27
 Motorcycle,3,Belstaff motorcycle jacket,https://trends.google.ca/trends/explore?q=belstaff+motorcycle+jacket&date=now+1-d&geo=CA,Breakout,2024-09-27
 Motorcycle,4,Motorcycle in french,https://trends.google.ca/trends/explore?q=motorcycle+in+french&date=now+1-d&geo=CA,Breakout,2024-09-27
 Motorcycle,5,Moto x3m,https://trends.google.ca/trends/explore?q=moto+x3m&date=now+1-d&geo=CA,Breakout,2024-09-27
 Motorcycle,6,Motorcycle accident hamilton,https://trends.google.ca/trends/explore?q=motorcycle+accident+hamilton&date=now+1-d&geo=CA,+400%,2024-09-27
 Motorcycle,7,Icbc motorcycle knowledge test,https://trends.google.ca/trends/explore?q=icbc+motorcycle+knowledge+test&date=now+1-d&geo=CA,+300%,2024-09-27
 Motorcycle,8,600cc motorcycle,https://trends.google.ca/trends/explore?q=600cc+motorcycle&date=now+1-d&geo=CA,+180%,2024-09-27
 Motorcycle,9,Livewire motorcycle,https://trends.google.ca/trends/explore?q=livewire+motorcycle&date=now+1-d&geo=CA,+150%,2024-09-27
 Motorcycle,10,Icbc motorcycle practice test,https://trends.google.ca/trends/explore?q=icbc+motorcycle+practice+test&date=now+1-d&geo=CA,+150%,2024-09-27
 Motorcycle,11,Royal distributing,https://trends.google.ca/trends/explore?q=royal+distributing&date=now+1-d&geo=CA,+140%,2024-09-27
 Motorcycle,12,Robinson motorcycle,https://trends.google.ca/trends/explore?q=robinson+motorcycle&date=now+1-d&geo=CA,+130%,2024-09-27
 Motorcycle,13,Yamaha r3,https://trends.google.ca/trends/explore?q=yamaha+r3&date=now+1-d&geo=CA,+110%,2024-09-27
 Motorcycle,14,Motorcycle accident ottawa,https://trends.google.ca/trends/explore?q=motorcycle+accident+ottawa&date=now+1-d&geo=CA,+110%,2024-09-27
 Motorcycle,15,Can am motorcycle,https://trends.google.ca/trends/explore?q=can+am+motorcycle&date=now+1-d&geo=CA,+90%,2024-09-27
 Motorcycle,16,Motorcycle knowledge test,https://trends.google.ca/trends/explore?q=motorcycle+knowledge+test&date=now+1-d&geo=CA,+80%,2024-09-27
 Motorcycle,17,Ninja 400,https://trends.google.ca/trends/explore?q=ninja+400&date=now+1-d&geo=CA,+80%,2024-09-27
 Motorcycle,18,Blackfoot motorcycle,https://trends.google.ca/trends/explore?q=blackfoot+motorcycle&date=now+1-d&geo=CA,+80%,2024-09-27
 Motorcycle,19,Arch motorcycle,https://trends.google.ca/trends/explore?q=arch+motorcycle&date=now+1-d&geo=CA,+70%,2024-09-27
 Motorcycle,20,Zen and the art of motorcycle maintenance,https://trends.google.ca/trends/explore?q=zen+and+the+art+of+motorcycle+maintenance&date=now+1-d&geo=CA,+70%,2024-09-27
 Motorcycle,21,Autotrader motorcycle,https://trends.google.ca/trends/explore?q=autotrader+motorcycle&date=now+1-d&geo=CA,+70%,2024-09-27
 Motorcycle,22,Motorcycle vest,https://trends.google.ca/trends/explore?q=motorcycle+vest&date=now+1-d&geo=CA,+70%,2024-09-27
 Motorcycle,23,R6 motorcycle,https://trends.google.ca/trends/explore?q=r6+motorcycle&date=now+1-d&geo=CA,+70%,2024-09-27
 Motorcycle,24,Motorcycle dolly,https://trends.google.ca/trends/explore?q=motorcycle+dolly&date=now+1-d&geo=CA,+50%,2024-09-27
