Query,Line Number,Seed,Link,Rising Value,Date
 Motor,1,Hyundai motor finance login,https://trends.google.ca/trends/explore?q=hyundai+motor+finance+login&date=now+1-d&geo=CA,Breakout,2024-09-27
 Motor,2,Kansas motor speedway,https://trends.google.ca/trends/explore?q=kansas+motor+speedway&date=now+1-d&geo=CA,Breakout,2024-09-27
 Motor,3,Motor vehicle branch surrey,https://trends.google.ca/trends/explore?q=motor+vehicle+branch+surrey&date=now+1-d&geo=CA,Breakout,2024-09-27
 Motor,4,Fine motor skills examples,https://trends.google.ca/trends/explore?q=fine+motor+skills+examples&date=now+1-d&geo=CA,Breakout,2024-09-27
 Motor,5,Napa auto parts,https://trends.google.ca/trends/explore?q=napa+auto+parts&date=now+1-d&geo=CA,Breakout,2024-09-27
 Motor,6,Riviera motor inn,https://trends.google.ca/trends/explore?q=riviera+motor+inn&date=now+1-d&geo=CA,Breakout,2024-09-27
 Motor,7,Motor court motel,https://trends.google.ca/trends/explore?q=motor+court+motel&date=now+1-d&geo=CA,Breakout,2024-09-27
 Motor,8,Motor strength assessment,https://trends.google.ca/trends/explore?q=motor+strength+assessment&date=now+1-d&geo=CA,"+4,250%",2024-09-27
 Motor,9,Mckeown motor sales,https://trends.google.ca/trends/explore?q=mckeown+motor+sales&date=now+1-d&geo=CA,"+3,450%",2024-09-27
 Motor,10,Motor vehicle act nova scotia,https://trends.google.ca/trends/explore?q=motor+vehicle+act+nova+scotia&date=now+1-d&geo=CA,+350%,2024-09-27
 Motor,11,Motor registration newfoundland,https://trends.google.ca/trends/explore?q=motor+registration+newfoundland&date=now+1-d&geo=CA,+250%,2024-09-27
 Motor,12,Saskatoon motor products,https://trends.google.ca/trends/explore?q=saskatoon+motor+products&date=now+1-d&geo=CA,+200%,2024-09-27
 Motor,13,Electric motor service,https://trends.google.ca/trends/explore?q=electric+motor+service&date=now+1-d&geo=CA,+180%,2024-09-27
 Motor,14,Apex motor express,https://trends.google.ca/trends/explore?q=apex+motor+express&date=now+1-d&geo=CA,+110%,2024-09-27
 Motor,15,Norman motor group,https://trends.google.ca/trends/explore?q=norman+motor+group&date=now+1-d&geo=CA,+100%,2024-09-27
 Motor,16,Airport motor inn,https://trends.google.ca/trends/explore?q=airport+motor+inn&date=now+1-d&geo=CA,+100%,2024-09-27
 Motor,17,Regina motor products,https://trends.google.ca/trends/explore?q=regina+motor+products&date=now+1-d&geo=CA,+90%,2024-09-27
 Motor,18,Craig dunn motor city,https://trends.google.ca/trends/explore?q=craig+dunn+motor+city&date=now+1-d&geo=CA,+80%,2024-09-27
 Motor,19,Motor city pizza,https://trends.google.ca/trends/explore?q=motor+city+pizza&date=now+1-d&geo=CA,+80%,2024-09-27
 Motor,20,Carlyle motor products,https://trends.google.ca/trends/explore?q=carlyle+motor+products&date=now+1-d&geo=CA,+70%,2024-09-27
 Motor,21,Yamaha motor canada,https://trends.google.ca/trends/explore?q=yamaha+motor+canada&date=now+1-d&geo=CA,+60%,2024-09-27
 Motor,22,Gross motor skills,https://trends.google.ca/trends/explore?q=gross+motor+skills&date=now+1-d&geo=CA,+50%,2024-09-27
 Motor,23,Ontario motor sales,https://trends.google.ca/trends/explore?q=ontario+motor+sales&date=now+1-d&geo=CA,+50%,2024-09-27
 Motor,24,Canada motor jobs,https://trends.google.ca/trends/explore?q=canada+motor+jobs&date=now+1-d&geo=CA,+50%,2024-09-27
 Motor,25,Nl motor registration,https://trends.google.ca/trends/explore?q=nl+motor+registration&date=now+1-d&geo=CA,+50%,2024-09-27
