Query,Line Number,Seed,Link,Rising Value,idType,tagType,Date
Ms. Marvel,1,Ms. marvel cast,https://trends.google.ca/trends/explore?q=ms.+marvel+cast&date=now+7-d&geo=US,+150%,216,TV Show,2024-10-03
Ms. Marvel,2,The marvels,https://trends.google.ca/trends/explore?q=the+marvels&date=now+7-d&geo=US,+120%,216,TV Show,2024-10-03
Ms. Marvel,3,Ms. marvel movie,https://trends.google.ca/trends/explore?q=ms.+marvel+movie&date=now+7-d&geo=US,+70%,216,TV Show,2024-10-03
Ms. Marvel,4,Ms. marvel powers,https://trends.google.ca/trends/explore?q=ms.+marvel+powers&date=now+7-d&geo=US,+50%,216,TV Show,2024-10-03
