Query,Line Number,Label Text,Link,Rising Value
 Musical,1,Cmt is more structured than other music therapy approaches.,https://trends.google.ca/trends/explore?q=cmt+is+more+structured+than+other+music+therapy+approaches.&date=now+1-d&geo=CA,Breakout
 Musical,2,"When first developed, gim advocated for the use of which kind of music?","https://trends.google.ca/trends/explore?q=when+first+developed,+gim+advocated+for+the+use+of+which+kind+of+music?&date=now+1-d&geo=CA",Breakout
 Musical,3,Neurologic music therapy is most closely defined as,https://trends.google.ca/trends/explore?q=neurologic+music+therapy+is+most+closely+defined+as&date=now+1-d&geo=CA,Breakout
 Musical,4,"In order to determine the best approach, music therapists refer to the music therapy manual.","https://trends.google.ca/trends/explore?q=in+order+to+determine+the+best+approach,+music+therapists+refer+to+the+music+therapy+manual.&date=now+1-d&geo=CA",Breakout
 Musical,5,Firebringer musical,https://trends.google.ca/trends/explore?q=firebringer+musical&date=now+1-d&geo=CA,Breakout
 Musical,6,Musicals in toronto,https://trends.google.ca/trends/explore?q=musicals+in+toronto&date=now+1-d&geo=CA,Breakout
 Musical,7,Hamilton musical cast,https://trends.google.ca/trends/explore?q=hamilton+musical+cast&date=now+1-d&geo=CA,Breakout
 Musical,8,Beethoven,https://trends.google.ca/trends/explore?q=beethoven&date=now+1-d&geo=CA,Breakout
 Musical,9,Anne and gilbert the musical,https://trends.google.ca/trends/explore?q=anne+and+gilbert+the+musical&date=now+1-d&geo=CA,+250%
 Musical,10,High school musical songs,https://trends.google.ca/trends/explore?q=high+school+musical+songs&date=now+1-d&geo=CA,+200%
 Musical,11,Mamma mia musical toronto,https://trends.google.ca/trends/explore?q=mamma+mia+musical+toronto&date=now+1-d&geo=CA,+150%
 Musical,12,The book of mormon musical,https://trends.google.ca/trends/explore?q=the+book+of+mormon+musical&date=now+1-d&geo=CA,+110%
 Musical,13,Come from away musical,https://trends.google.ca/trends/explore?q=come+from+away+musical&date=now+1-d&geo=CA,+80%
 Musical,14,Something rotten musical,https://trends.google.ca/trends/explore?q=something+rotten+musical&date=now+1-d&geo=CA,+70%
 Musical,15,Cabaret musical,https://trends.google.ca/trends/explore?q=cabaret+musical&date=now+1-d&geo=CA,+70%
 Musical,16,Come from away,https://trends.google.ca/trends/explore?q=come+from+away&date=now+1-d&geo=CA,+60%
 Musical,17,Musical box,https://trends.google.ca/trends/explore?q=musical+box&date=now+1-d&geo=CA,+60%
 Musical,18,Hairspray musical,https://trends.google.ca/trends/explore?q=hairspray+musical&date=now+1-d&geo=CA,+60%
 Musical,19,Anastasia musical,https://trends.google.ca/trends/explore?q=anastasia+musical&date=now+1-d&geo=CA,+60%
 Musical,20,Musical notes,https://trends.google.ca/trends/explore?q=musical+notes&date=now+1-d&geo=CA,+50%
 Musical,21,Evil dead the musical toronto,https://trends.google.ca/trends/explore?q=evil+dead+the+musical+toronto&date=now+1-d&geo=CA,+50%
 Musical,22,Cats musical,https://trends.google.ca/trends/explore?q=cats+musical&date=now+1-d&geo=CA,+40%
 Musical,23,Mamma mia,https://trends.google.ca/trends/explore?q=mamma+mia&date=now+1-d&geo=CA,+40%
