Query,Line Number,Seed,Link,Rising Value,idType,tagType,Date
New Mutants,1,X men movies in order,https://trends.google.ca/trends/explore?q=x+men+movies+in+order&date=now+1-d&geo=US,Breakout,154,Movie,2024-10-02
New Mutants,2,The new mutants 2,https://trends.google.ca/trends/explore?q=the+new+mutants+2&date=now+1-d&geo=US,+150%,154,Movie,2024-10-02
New Mutants,3,New mutants 98,https://trends.google.ca/trends/explore?q=new+mutants+98&date=now+1-d&geo=US,+140%,154,Movie,2024-10-02
New Mutants,4,X men new mutants,https://trends.google.ca/trends/explore?q=x+men+new+mutants&date=now+1-d&geo=US,+70%,154,Movie,2024-10-02
New Mutants,5,Apocalypse,https://trends.google.ca/trends/explore?q=apocalypse&date=now+1-d&geo=US,+60%,154,Movie,2024-10-02
New Mutants,6,The new mutants cast,https://trends.google.ca/trends/explore?q=the+new+mutants+cast&date=now+1-d&geo=US,+40%,154,Movie,2024-10-02
