Query,Line Number,Seed,Link,Rising Value,Date
 Nissan,1,Alta nissan woodbridge,https://trends.google.ca/trends/explore?q=alta+nissan+woodbridge&date=now+7-d&geo=CA,+90%,2024-09-26
 Nissan,2,Nissan st jerome,https://trends.google.ca/trends/explore?q=nissan+st+jerome&date=now+7-d&geo=CA,+40%,2024-09-26
 Nissan,3,Alta nissan woodbridge,https://trends.google.ca/trends/explore?q=alta+nissan+woodbridge&date=now+7-d&geo=CA,+90%,2024-09-26
 Nissan,4,Nissan st jerome,https://trends.google.ca/trends/explore?q=nissan+st+jerome&date=now+7-d&geo=CA,+40%,2024-09-26
 Nissan,5,Alta nissan woodbridge,https://trends.google.ca/trends/explore?q=alta+nissan+woodbridge&date=now+7-d&geo=CA,+90%,2024-09-26
 Nissan,6,Nissan st jerome,https://trends.google.ca/trends/explore?q=nissan+st+jerome&date=now+7-d&geo=CA,+40%,2024-09-26
 Nissan,7,Alta nissan woodbridge,https://trends.google.ca/trends/explore?q=alta+nissan+woodbridge&date=now+7-d&geo=CA,+90%,2024-09-26
 Nissan,8,Nissan st jerome,https://trends.google.ca/trends/explore?q=nissan+st+jerome&date=now+7-d&geo=CA,+40%,2024-09-26
