Query,Line Number,Seed,Link,Rising Value,idType,tagType,Date
No Time to Die,1,Does james bond die in no time to die,https://trends.google.ca/trends/explore?q=does+james+bond+die+in+no+time+to+die&date=now+1-d&geo=US,Breakout,154,Movie,2024-10-02
No Time to Die,2,Quantum of solace,https://trends.google.ca/trends/explore?q=quantum+of+solace&date=now+1-d&geo=US,+180%,154,Movie,2024-10-02
No Time to Die,3,Omega no time to die watch,https://trends.google.ca/trends/explore?q=omega+no+time+to+die+watch&date=now+1-d&geo=US,+70%,154,Movie,2024-10-02
No Time to Die,4,Billie eilish no time to die,https://trends.google.ca/trends/explore?q=billie+eilish+no+time+to+die&date=now+1-d&geo=US,+60%,154,Movie,2024-10-02
No Time to Die,5,No time to die 2021,https://trends.google.ca/trends/explore?q=no+time+to+die+2021&date=now+1-d&geo=US,+50%,154,Movie,2024-10-02
No Time to Die,6,Ana de armas,https://trends.google.ca/trends/explore?q=ana+de+armas&date=now+1-d&geo=US,+40%,154,Movie,2024-10-02
