Query,Line Number,Seed,Link,Rising Value,idType,tagType,Date
One Piece (Live-Action),1,One piece live-action cast,https://trends.google.ca/trends/explore?q=one+piece+live-action+cast&date=now+1-d&geo=US,,216,TV Show,2024-10-02
One Piece (Live-Action),2,One piece live action,https://trends.google.ca/trends/explore?q=one+piece+live+action&date=now+1-d&geo=US,,216,TV Show,2024-10-02
One Piece (Live-Action),3,One piece live-action season 2,https://trends.google.ca/trends/explore?q=one+piece+live-action+season+2&date=now+1-d&geo=US,,216,TV Show,2024-10-02
One Piece (Live-Action),4,One piece characters,https://trends.google.ca/trends/explore?q=one+piece+characters&date=now+1-d&geo=US,,216,TV Show,2024-10-02
