Line Number,Label Text,Link,Rising Value
1,When does the next penguin episode come out,https://trends.google.ca/trends/explore?q=when+does+the+next+penguin+episode+come+out&date=now+1-d&geo=CA,Breakout
2,When do new episodes of the penguin come out,https://trends.google.ca/trends/explore?q=when+do+new+episodes+of+the+penguin+come+out&date=now+1-d&geo=CA,Breakout
3,When is the next episode of the penguin,https://trends.google.ca/trends/explore?q=when+is+the+next+episode+of+the+penguin&date=now+1-d&geo=CA,Breakout
4,Moshi monsters,https://trends.google.ca/trends/explore?q=moshi+monsters&date=now+1-d&geo=CA,Breakout
5,Agatha all along episode 3 release date,https://trends.google.ca/trends/explore?q=agatha+all+along+episode+3+release+date&date=now+1-d&geo=CA,Breakout
6,Is the penguin after the batman,https://trends.google.ca/trends/explore?q=is+the+penguin+after+the+batman&date=now+1-d&geo=CA,Breakout
7,Moo dang hippo,https://trends.google.ca/trends/explore?q=moo+dang+hippo&date=now+1-d&geo=CA,Breakout
8,Mark strong,https://trends.google.ca/trends/explore?q=mark+strong&date=now+1-d&geo=CA,Breakout
9,When does episode 2 of the penguin come out,https://trends.google.ca/trends/explore?q=when+does+episode+2+of+the+penguin+come+out&date=now+1-d&geo=CA,Breakout
10,The batman part ii,https://trends.google.ca/trends/explore?q=the+batman+part+ii&date=now+1-d&geo=CA,Breakout
11,When does the next episode of the penguin come out,https://trends.google.ca/trends/explore?q=when+does+the+next+episode+of+the+penguin+come+out&date=now+1-d&geo=CA,Breakout
12,Magellanic penguin,https://trends.google.ca/trends/explore?q=magellanic+penguin&date=now+1-d&geo=CA,Breakout
13,Kowalski penguin,https://trends.google.ca/trends/explore?q=kowalski+penguin&date=now+1-d&geo=CA,"+4,550%"
14,Chinstrap penguin,https://trends.google.ca/trends/explore?q=chinstrap+penguin&date=now+1-d&geo=CA,"+4,450%"
15,Russia ukraine war russian,https://trends.google.ca/trends/explore?q=russia+ukraine+war+russian&date=now+1-d&geo=CA,"+4,300%"
16,Does the penguin have powers,https://trends.google.ca/trends/explore?q=does+the+penguin+have+powers&date=now+1-d&geo=CA,"+4,000%"
17,Happy penguin resort,https://trends.google.ca/trends/explore?q=happy+penguin+resort&date=now+1-d&geo=CA,"+3,700%"
18,Moo deng hippo,https://trends.google.ca/trends/explore?q=moo+deng+hippo&date=now+1-d&geo=CA,+550%
19,When does penguin episode 2 come out,https://trends.google.ca/trends/explore?q=when+does+penguin+episode+2+come+out&date=now+1-d&geo=CA,+250%
