Query,Line Number,Seed,Link,Rising Value,idType,tagType,Date
Percy Jackson & The Olympians,1,Who plays zeus in percy jackson,https://trends.google.ca/trends/explore?q=who+plays+zeus+in+percy+jackson&date=now+1-d&geo=US,"+3,500%",217,Franchise,2024-10-02
Percy Jackson & The Olympians,2,Polyphemus,https://trends.google.ca/trends/explore?q=polyphemus&date=now+1-d&geo=US,+200%,217,Franchise,2024-10-02
Percy Jackson & The Olympians,3,When does season 2 of percy jackson come out,https://trends.google.ca/trends/explore?q=when+does+season+2+of+percy+jackson+come+out&date=now+1-d&geo=US,+200%,217,Franchise,2024-10-02
Percy Jackson & The Olympians,4,How many books are in the percy jackson series,https://trends.google.ca/trends/explore?q=how+many+books+are+in+the+percy+jackson+series&date=now+1-d&geo=US,+200%,217,Franchise,2024-10-02
Percy Jackson & The Olympians,5,Rick riordan books in order after percy jackson,https://trends.google.ca/trends/explore?q=rick+riordan+books+in+order+after+percy+jackson&date=now+1-d&geo=US,+150%,217,Franchise,2024-10-02
Percy Jackson & The Olympians,6,Satyr,https://trends.google.ca/trends/explore?q=satyr&date=now+1-d&geo=US,+140%,217,Franchise,2024-10-02
Percy Jackson & The Olympians,7,Percy jackson necklace,https://trends.google.ca/trends/explore?q=percy+jackson+necklace&date=now+1-d&geo=US,+130%,217,Franchise,2024-10-02
Percy Jackson & The Olympians,8,Cast of percy jackson and the olympians tv series,https://trends.google.ca/trends/explore?q=cast+of+percy+jackson+and+the+olympians+tv+series&date=now+1-d&geo=US,+120%,217,Franchise,2024-10-02
Percy Jackson & The Olympians,9,Hecate,https://trends.google.ca/trends/explore?q=hecate&date=now+1-d&geo=US,+110%,217,Franchise,2024-10-02
Percy Jackson & The Olympians,10,Luke castellan,https://trends.google.ca/trends/explore?q=luke+castellan&date=now+1-d&geo=US,+100%,217,Franchise,2024-10-02
Percy Jackson & The Olympians,11,Thalia grace,https://trends.google.ca/trends/explore?q=thalia+grace&date=now+1-d&geo=US,+90%,217,Franchise,2024-10-02
Percy Jackson & The Olympians,12,Percy jackson and the olympians season 2 release date,https://trends.google.ca/trends/explore?q=percy+jackson+and+the+olympians+season+2+release+date&date=now+1-d&geo=US,+70%,217,Franchise,2024-10-02
Percy Jackson & The Olympians,13,Percy jackson and the olympians release date,https://trends.google.ca/trends/explore?q=percy+jackson+and+the+olympians+release+date&date=now+1-d&geo=US,+70%,217,Franchise,2024-10-02
Percy Jackson & The Olympians,14,Walker scobell height,https://trends.google.ca/trends/explore?q=walker+scobell+height&date=now+1-d&geo=US,+70%,217,Franchise,2024-10-02
Percy Jackson & The Olympians,15,Timothy simons,https://trends.google.ca/trends/explore?q=timothy+simons&date=now+1-d&geo=US,+60%,217,Franchise,2024-10-02
Percy Jackson & The Olympians,16,Books like percy jackson,https://trends.google.ca/trends/explore?q=books+like+percy+jackson&date=now+1-d&geo=US,+60%,217,Franchise,2024-10-02
Percy Jackson & The Olympians,17,Percy jackson merch,https://trends.google.ca/trends/explore?q=percy+jackson+merch&date=now+1-d&geo=US,+60%,217,Franchise,2024-10-02
Percy Jackson & The Olympians,18,Percy jackson and the olympians show,https://trends.google.ca/trends/explore?q=percy+jackson+and+the+olympians+show&date=now+1-d&geo=US,+60%,217,Franchise,2024-10-02
Percy Jackson & The Olympians,19,Mr d percy jackson,https://trends.google.ca/trends/explore?q=mr+d+percy+jackson&date=now+1-d&geo=US,+50%,217,Franchise,2024-10-02
Percy Jackson & The Olympians,20,Percy jackson and the titan's curse,https://trends.google.ca/trends/explore?q=percy+jackson+and+the+titan's+curse&date=now+1-d&geo=US,+50%,217,Franchise,2024-10-02
Percy Jackson & The Olympians,21,Lance reddick,https://trends.google.ca/trends/explore?q=lance+reddick&date=now+1-d&geo=US,+50%,217,Franchise,2024-10-02
Percy Jackson & The Olympians,22,Percy jackson background,https://trends.google.ca/trends/explore?q=percy+jackson+background&date=now+1-d&geo=US,+50%,217,Franchise,2024-10-02
Percy Jackson & The Olympians,23,Which percy jackson character are you,https://trends.google.ca/trends/explore?q=which+percy+jackson+character+are+you&date=now+1-d&geo=US,+50%,217,Franchise,2024-10-02
Percy Jackson & The Olympians,24,Trident,https://trends.google.ca/trends/explore?q=trident&date=now+1-d&geo=US,+50%,217,Franchise,2024-10-02
Percy Jackson & The Olympians,25,Percy jackson and the olympians wrath of the triple goddess,https://trends.google.ca/trends/explore?q=percy+jackson+and+the+olympians+wrath+of+the+triple+goddess&date=now+1-d&geo=US,+50%,217,Franchise,2024-10-02
