Query,Line Number,Seed,Link,Rising Value,idType,tagType,Date
Planet of the Apes,1,Kris kristofferson movies,https://trends.google.ca/trends/explore?q=kris+kristofferson+movies&date=now+7-d&geo=US,Breakout,217,Franchise,2024-10-03
Planet of the Apes,2,Chris christopherson,https://trends.google.ca/trends/explore?q=chris+christopherson&date=now+7-d&geo=US,Breakout,217,Franchise,2024-10-03
Planet of the Apes,3,Kris kristofferson planet of the apes,https://trends.google.ca/trends/explore?q=kris+kristofferson+planet+of+the+apes&date=now+7-d&geo=US,Breakout,217,Franchise,2024-10-03
Planet of the Apes,4,Planet of the apes eating watermelon,https://trends.google.ca/trends/explore?q=planet+of+the+apes+eating+watermelon&date=now+7-d&geo=US,+500%,217,Franchise,2024-10-03
Planet of the Apes,5,Valerie jarrett,https://trends.google.ca/trends/explore?q=valerie+jarrett&date=now+7-d&geo=US,+300%,217,Franchise,2024-10-03
Planet of the Apes,6,Blade,https://trends.google.ca/trends/explore?q=blade&date=now+7-d&geo=US,+250%,217,Franchise,2024-10-03
Planet of the Apes,7,2001 a space odyssey,https://trends.google.ca/trends/explore?q=2001+a+space+odyssey&date=now+7-d&geo=US,+120%,217,Franchise,2024-10-03
Planet of the Apes,8,Planet of the apes cast 2012,https://trends.google.ca/trends/explore?q=planet+of+the+apes+cast+2012&date=now+7-d&geo=US,+110%,217,Franchise,2024-10-03
Planet of the Apes,9,John lithgow,https://trends.google.ca/trends/explore?q=john+lithgow&date=now+7-d&geo=US,+90%,217,Franchise,2024-10-03
Planet of the Apes,10,Simpsons planet of the apes,https://trends.google.ca/trends/explore?q=simpsons+planet+of+the+apes&date=now+7-d&geo=US,+90%,217,Franchise,2024-10-03
Planet of the Apes,11,What is the first planet of the apes movie,https://trends.google.ca/trends/explore?q=what+is+the+first+planet+of+the+apes+movie&date=now+7-d&geo=US,+50%,217,Franchise,2024-10-03
Planet of the Apes,12,Mark wahlberg,https://trends.google.ca/trends/explore?q=mark+wahlberg&date=now+7-d&geo=US,+50%,217,Franchise,2024-10-03
Planet of the Apes,13,Planet of the apes trilogy order,https://trends.google.ca/trends/explore?q=planet+of+the+apes+trilogy+order&date=now+7-d&geo=US,+50%,217,Franchise,2024-10-03
Planet of the Apes,14,Godzilla x kong,https://trends.google.ca/trends/explore?q=godzilla+x+kong&date=now+7-d&geo=US,+50%,217,Franchise,2024-10-03
Planet of the Apes,15,What happened to will in planet of the apes,https://trends.google.ca/trends/explore?q=what+happened+to+will+in+planet+of+the+apes&date=now+7-d&geo=US,+40%,217,Franchise,2024-10-03
Planet of the Apes,16,Kingdom of the planet of the apes full movie 2024,https://trends.google.ca/trends/explore?q=kingdom+of+the+planet+of+the+apes+full+movie+2024&date=now+7-d&geo=US,+40%,217,Franchise,2024-10-03
Planet of the Apes,17,Chimpanzee,https://trends.google.ca/trends/explore?q=chimpanzee&date=now+7-d&geo=US,+40%,217,Franchise,2024-10-03
Planet of the Apes,18,Who is noa in planet of the apes,https://trends.google.ca/trends/explore?q=who+is+noa+in+planet+of+the+apes&date=now+7-d&geo=US,+40%,217,Franchise,2024-10-03
Planet of the Apes,19,Koba from planet of the apes,https://trends.google.ca/trends/explore?q=koba+from+planet+of+the+apes&date=now+7-d&geo=US,+40%,217,Franchise,2024-10-03
Planet of the Apes,20,Kingdom of the planet of the apes rotten tomatoes,https://trends.google.ca/trends/explore?q=kingdom+of+the+planet+of+the+apes+rotten+tomatoes&date=now+7-d&geo=US,+40%,217,Franchise,2024-10-03
