Query,Line Number,Seed,Link,Rising Value,Date
 Reacher,1,When does reacher season 3 come out,https://trends.google.ca/trends/explore?q=when+does+reacher+season+3+come+out&date=now+1-d&geo=CA,Breakout,2024-10-01
 Reacher,2,Jack reacher books in order,https://trends.google.ca/trends/explore?q=jack+reacher+books+in+order&date=now+1-d&geo=CA,+400%,2024-10-01
 Reacher,3,Cast of reacher,https://trends.google.ca/trends/explore?q=cast+of+reacher&date=now+1-d&geo=CA,+300%,2024-10-01
 Reacher,4,Reacher season 3 release date,https://trends.google.ca/trends/explore?q=reacher+season+3+release+date&date=now+1-d&geo=CA,+200%,2024-10-01
 Reacher,5,Jack reacher series,https://trends.google.ca/trends/explore?q=jack+reacher+series&date=now+1-d&geo=CA,+90%,2024-10-01
 Reacher,6,Willa fitzgerald,https://trends.google.ca/trends/explore?q=willa+fitzgerald&date=now+1-d&geo=CA,+70%,2024-10-01
