Query,Line Number,Seed,Link,Rising Value,idType,tagType,Date
Rebel Moon,1,Rebel moon review,https://trends.google.ca/trends/explore?q=rebel+moon+review&date=now+1-d&geo=US,+300%,154,Movie,2024-10-02
Rebel Moon,2,Rebel moon movies in order,https://trends.google.ca/trends/explore?q=rebel+moon+movies+in+order&date=now+1-d&geo=US,+180%,154,Movie,2024-10-02
Rebel Moon,3,Sofia boutella,https://trends.google.ca/trends/explore?q=sofia+boutella&date=now+1-d&geo=US,+80%,154,Movie,2024-10-02
Rebel Moon,4,Zack snyder,https://trends.google.ca/trends/explore?q=zack+snyder&date=now+1-d&geo=US,+50%,154,Movie,2024-10-02
