Line Number,Label Text,Link,Rising Value
1,Rhea norwood,https://trends.google.ca/trends/explore?q=rhea+norwood&date=now+1-d&geo=CA,+350%
2,Rhea chakraborty,https://trends.google.ca/trends/explore?q=rhea+chakraborty&date=now+1-d&geo=CA,+90%
3,Rhea seehorn,https://trends.google.ca/trends/explore?q=rhea+seehorn&date=now+1-d&geo=CA,+40%
4,Rhea norwood,https://trends.google.ca/trends/explore?q=rhea+norwood&date=now+1-d&geo=CA,+350%
5,Rhea chakraborty,https://trends.google.ca/trends/explore?q=rhea+chakraborty&date=now+1-d&geo=CA,+90%
6,Rhea seehorn,https://trends.google.ca/trends/explore?q=rhea+seehorn&date=now+1-d&geo=CA,+40%
