Query,Line Number,Seed,Link,Rising Value,Date
 Rolling in the Deep,1,Linkin park rolling in the deep,https://trends.google.ca/trends/explore?q=linkin+park+rolling+in+the+deep&date=now+7-d&geo=CA,+200%,2024-09-26
 Rolling in the Deep,2,Set fire to the rain lyrics,https://trends.google.ca/trends/explore?q=set+fire+to+the+rain+lyrics&date=now+7-d&geo=CA,+120%,2024-09-26
 Rolling in the Deep,3,Rolling in the deep backing vocals lyrics,https://trends.google.ca/trends/explore?q=rolling+in+the+deep+backing+vocals+lyrics&date=now+7-d&geo=CA,+40%,2024-09-26
 Rolling in the Deep,4,Linkin park rolling in the deep,https://trends.google.ca/trends/explore?q=linkin+park+rolling+in+the+deep&date=now+7-d&geo=CA,+200%,2024-09-26
 Rolling in the Deep,5,Set fire to the rain lyrics,https://trends.google.ca/trends/explore?q=set+fire+to+the+rain+lyrics&date=now+7-d&geo=CA,+120%,2024-09-26
 Rolling in the Deep,6,Rolling in the deep backing vocals lyrics,https://trends.google.ca/trends/explore?q=rolling+in+the+deep+backing+vocals+lyrics&date=now+7-d&geo=CA,+40%,2024-09-26
 Rolling in the Deep,7,Linkin park rolling in the deep,https://trends.google.ca/trends/explore?q=linkin+park+rolling+in+the+deep&date=now+7-d&geo=CA,+200%,2024-09-26
 Rolling in the Deep,8,Set fire to the rain lyrics,https://trends.google.ca/trends/explore?q=set+fire+to+the+rain+lyrics&date=now+7-d&geo=CA,+120%,2024-09-26
 Rolling in the Deep,9,Rolling in the deep backing vocals lyrics,https://trends.google.ca/trends/explore?q=rolling+in+the+deep+backing+vocals+lyrics&date=now+7-d&geo=CA,+40%,2024-09-26
