Query,Line Number,Seed,Link,Rising Value,idType,tagType,Date
Scream (2022),1,Scream cast 2022,https://trends.google.ca/trends/explore?q=scream+cast+2022&date=now+1-d&geo=US,,154,Movie,2024-10-02
Scream (2022),2,Scream cast,https://trends.google.ca/trends/explore?q=scream+cast&date=now+1-d&geo=US,,154,Movie,2024-10-02
Scream (2022),3,Scream movies,https://trends.google.ca/trends/explore?q=scream+movies&date=now+1-d&geo=US,,154,Movie,2024-10-02
Scream (2022),4,Scream 2022 killer,https://trends.google.ca/trends/explore?q=scream+2022+killer&date=now+1-d&geo=US,,154,Movie,2024-10-02
Scream (2022),5,Smile 2022,https://trends.google.ca/trends/explore?q=smile+2022&date=now+1-d&geo=US,,154,Movie,2024-10-02
