Query,Line Number,Seed,Link,Rising Value,idType,tagType,Date
Seinfeld,1,Seinfeld season 4 episode 17,https://trends.google.ca/trends/explore?q=seinfeld+season+4+episode+17&date=now+1-d&geo=US,Breakout,216,TV Show,2024-10-02
Seinfeld,2,Newman on seinfeld,https://trends.google.ca/trends/explore?q=newman+on+seinfeld&date=now+1-d&geo=US,Breakout,216,TV Show,2024-10-02
Seinfeld,3,Big salad seinfeld,https://trends.google.ca/trends/explore?q=big+salad+seinfeld&date=now+1-d&geo=US,Breakout,216,TV Show,2024-10-02
Seinfeld,4,Mr kruger seinfeld,https://trends.google.ca/trends/explore?q=mr+kruger+seinfeld&date=now+1-d&geo=US,Breakout,216,TV Show,2024-10-02
Seinfeld,5,Seinfeld cast members,https://trends.google.ca/trends/explore?q=seinfeld+cast+members&date=now+1-d&geo=US,Breakout,216,TV Show,2024-10-02
Seinfeld,6,Seinfeld the bottle deposit,https://trends.google.ca/trends/explore?q=seinfeld+the+bottle+deposit&date=now+1-d&geo=US,Breakout,216,TV Show,2024-10-02
Seinfeld,7,Puddy from seinfeld,https://trends.google.ca/trends/explore?q=puddy+from+seinfeld&date=now+1-d&geo=US,Breakout,216,TV Show,2024-10-02
Seinfeld,8,Seinfeld season 8 episode 3,https://trends.google.ca/trends/explore?q=seinfeld+season+8+episode+3&date=now+1-d&geo=US,Breakout,216,TV Show,2024-10-02
Seinfeld,9,Melanie smith seinfeld,https://trends.google.ca/trends/explore?q=melanie+smith+seinfeld&date=now+1-d&geo=US,"+4,300%",216,TV Show,2024-10-02
Seinfeld,10,129 west 81st street,https://trends.google.ca/trends/explore?q=129+west+81st+street&date=now+1-d&geo=US,"+4,100%",216,TV Show,2024-10-02
Seinfeld,11,Samuel bliss cooper,https://trends.google.ca/trends/explore?q=samuel+bliss+cooper&date=now+1-d&geo=US,"+3,950%",216,TV Show,2024-10-02
Seinfeld,12,Jessica seinfeld cookbook,https://trends.google.ca/trends/explore?q=jessica+seinfeld+cookbook&date=now+1-d&geo=US,"+3,600%",216,TV Show,2024-10-02
Seinfeld,13,Liz sheridan,https://trends.google.ca/trends/explore?q=liz+sheridan&date=now+1-d&geo=US,"+3,050%",216,TV Show,2024-10-02
Seinfeld,14,Anna gunn seinfeld,https://trends.google.ca/trends/explore?q=anna+gunn+seinfeld&date=now+1-d&geo=US,+500%,216,TV Show,2024-10-02
Seinfeld,15,Seinfeld quotes,https://trends.google.ca/trends/explore?q=seinfeld+quotes&date=now+1-d&geo=US,+60%,216,TV Show,2024-10-02
Seinfeld,16,Seinfeld characters,https://trends.google.ca/trends/explore?q=seinfeld+characters&date=now+1-d&geo=US,+60%,216,TV Show,2024-10-02
Seinfeld,17,Newman seinfeld,https://trends.google.ca/trends/explore?q=newman+seinfeld&date=now+1-d&geo=US,+50%,216,TV Show,2024-10-02
Seinfeld,18,Seinfeld season 6,https://trends.google.ca/trends/explore?q=seinfeld+season+6&date=now+1-d&geo=US,+50%,216,TV Show,2024-10-02
Seinfeld,19,Seinfeld meme,https://trends.google.ca/trends/explore?q=seinfeld+meme&date=now+1-d&geo=US,+50%,216,TV Show,2024-10-02
Seinfeld,20,Jerry seinfeld show,https://trends.google.ca/trends/explore?q=jerry+seinfeld+show&date=now+1-d&geo=US,+40%,216,TV Show,2024-10-02
