Query,Line Number,Seed,Link,Rising Value,idType,tagType,Date
Sex Education,1,Sex education season 4 cast,https://trends.google.ca/trends/explore?q=sex+education+season+4+cast&date=now+1-d&geo=US,Breakout,216,TV Show,2024-10-02
Sex Education,2,In which country is sex education required in public schools?,https://trends.google.ca/trends/explore?q=in+which+country+is+sex+education+required+in+public+schools?&date=now+1-d&geo=US,Breakout,216,TV Show,2024-10-02
Sex Education,3,Sex education series,https://trends.google.ca/trends/explore?q=sex+education+series&date=now+1-d&geo=US,+90%,216,TV Show,2024-10-02
Sex Education,4,Maeve sex education,https://trends.google.ca/trends/explore?q=maeve+sex+education&date=now+1-d&geo=US,+40%,216,TV Show,2024-10-02
Sex Education,5,Cast of sex education,https://trends.google.ca/trends/explore?q=cast+of+sex+education&date=now+1-d&geo=US,+40%,216,TV Show,2024-10-02
