Query,Line Number,Seed,Link,Rising Value,idType,tagType,Date
Sex Education,1,In which country is sex education required in public schools?,https://trends.google.ca/trends/explore?q=in+which+country+is+sex+education+required+in+public+schools?&date=now+1-d&geo=US,Breakout,216,TV Show,2024-10-02
Sex Education,2,Edward bluemel sex education,https://trends.google.ca/trends/explore?q=edward+bluemel+sex+education&date=now+1-d&geo=US,+250%,216,TV Show,2024-10-02
Sex Education,3,Sex education season 4 cast,https://trends.google.ca/trends/explore?q=sex+education+season+4+cast&date=now+1-d&geo=US,+130%,216,TV Show,2024-10-02
Sex Education,4,Sex education ruby,https://trends.google.ca/trends/explore?q=sex+education+ruby&date=now+1-d&geo=US,+60%,216,TV Show,2024-10-02
Sex Education,5,Comprehensive sex education,https://trends.google.ca/trends/explore?q=comprehensive+sex+education&date=now+1-d&geo=US,+60%,216,TV Show,2024-10-02
