Query,Line Number,Seed,Link,Rising Value,idType,tagType,Date
Shonen Jump,1,Rurouni kenshin,https://trends.google.ca/trends/explore?q=rurouni+kenshin&date=now+1-d&geo=US,Breakout,217,Franchise,2024-10-02
Shonen Jump,2,Weekly shonen jump twitter,https://trends.google.ca/trends/explore?q=weekly+shonen+jump+twitter&date=now+1-d&geo=US,+180%,217,Franchise,2024-10-02
Shonen Jump,3,Shonen jump website,https://trends.google.ca/trends/explore?q=shonen+jump+website&date=now+1-d&geo=US,+60%,217,Franchise,2024-10-02
Shonen Jump,4,Shonen jump anime,https://trends.google.ca/trends/explore?q=shonen+jump+anime&date=now+1-d&geo=US,+50%,217,Franchise,2024-10-02
