Query,Line Number,Seed,Link,Rising Value,idType,tagType,Date
Siesta Key,1,Siesta key rum,https://trends.google.ca/trends/explore?q=siesta+key+rum&date=now+1-d&geo=US,+750%,216,TV Show,2024-10-02
Siesta Key,2,Siesta key web cam,https://trends.google.ca/trends/explore?q=siesta+key+web+cam&date=now+1-d&geo=US,+250%,216,TV Show,2024-10-02
Siesta Key,3,Venice beach florida,https://trends.google.ca/trends/explore?q=venice+beach+florida&date=now+1-d&geo=US,+180%,216,TV Show,2024-10-02
Siesta Key,4,Bradenton beach,https://trends.google.ca/trends/explore?q=bradenton+beach&date=now+1-d&geo=US,+140%,216,TV Show,2024-10-02
Siesta Key,5,Hotels in siesta key,https://trends.google.ca/trends/explore?q=hotels+in+siesta+key&date=now+1-d&geo=US,+100%,216,TV Show,2024-10-02
Siesta Key,6,Siesta key zip code,https://trends.google.ca/trends/explore?q=siesta+key+zip+code&date=now+1-d&geo=US,+80%,216,TV Show,2024-10-02
Siesta Key,7,Turtle beach siesta key,https://trends.google.ca/trends/explore?q=turtle+beach+siesta+key&date=now+1-d&geo=US,+80%,216,TV Show,2024-10-02
Siesta Key,8,Tropical breeze siesta key,https://trends.google.ca/trends/explore?q=tropical+breeze+siesta+key&date=now+1-d&geo=US,+80%,216,TV Show,2024-10-02
Siesta Key,9,Is siesta key beach open today,https://trends.google.ca/trends/explore?q=is+siesta+key+beach+open+today&date=now+1-d&geo=US,+70%,216,TV Show,2024-10-02
Siesta Key,10,Sanibel island,https://trends.google.ca/trends/explore?q=sanibel+island&date=now+1-d&geo=US,+70%,216,TV Show,2024-10-02
Siesta Key,11,Crescent club siesta key,https://trends.google.ca/trends/explore?q=crescent+club+siesta+key&date=now+1-d&geo=US,+70%,216,TV Show,2024-10-02
Siesta Key,12,Gilligans siesta key,https://trends.google.ca/trends/explore?q=gilligans+siesta+key&date=now+1-d&geo=US,+60%,216,TV Show,2024-10-02
Siesta Key,13,Florida map,https://trends.google.ca/trends/explore?q=florida+map&date=now+1-d&geo=US,+50%,216,TV Show,2024-10-02
Siesta Key,14,Airbnb siesta key,https://trends.google.ca/trends/explore?q=airbnb+siesta+key&date=now+1-d&geo=US,+40%,216,TV Show,2024-10-02
Siesta Key,15,Siesta key beach webcam,https://trends.google.ca/trends/explore?q=siesta+key+beach+webcam&date=now+1-d&geo=US,+40%,216,TV Show,2024-10-02
Siesta Key,16,Did siesta key get hit by hurricane,https://trends.google.ca/trends/explore?q=did+siesta+key+get+hit+by+hurricane&date=now+1-d&geo=US,+40%,216,TV Show,2024-10-02
