Query,Line Number,Seed,Link,Rising Value,idType,tagType,Date
Snowpiercer,1,Gilliam,https://trends.google.ca/trends/explore?q=gilliam&date=now+1-d&geo=US,+450%,216,TV Show,2024-10-02
Snowpiercer,2,Gilliam snowpiercer,https://trends.google.ca/trends/explore?q=gilliam+snowpiercer&date=now+1-d&geo=US,+400%,216,TV Show,2024-10-02
Snowpiercer,3,Snowpiercer 2013,https://trends.google.ca/trends/explore?q=snowpiercer+2013&date=now+1-d&geo=US,+120%,216,TV Show,2024-10-02
Snowpiercer,4,Tilda swinton,https://trends.google.ca/trends/explore?q=tilda+swinton&date=now+1-d&geo=US,+120%,216,TV Show,2024-10-02
Snowpiercer,5,Snowpiercer ending explained,https://trends.google.ca/trends/explore?q=snowpiercer+ending+explained&date=now+1-d&geo=US,+60%,216,TV Show,2024-10-02
Snowpiercer,6,Jennifer connelly,https://trends.google.ca/trends/explore?q=jennifer+connelly&date=now+1-d&geo=US,+50%,216,TV Show,2024-10-02
Snowpiercer,7,Daveed diggs,https://trends.google.ca/trends/explore?q=daveed+diggs&date=now+1-d&geo=US,+50%,216,TV Show,2024-10-02
