Query,Line Number,Label Text,Link,Rising Value
 Song,1,Beethoven new song,https://trends.google.ca/trends/explore?q=beethoven+new+song&date=now+1-d&geo=CA,"+4,000%"
 Song,2,The good the bad and the ugly song,https://trends.google.ca/trends/explore?q=the+good+the+bad+and+the+ugly+song&date=now+1-d&geo=CA,"+1,850%"
 Song,3,The floor is lava song,https://trends.google.ca/trends/explore?q=the+floor+is+lava+song&date=now+1-d&geo=CA,+450%
 Song,4,Sofia the first theme song lyrics,https://trends.google.ca/trends/explore?q=sofia+the+first+theme+song+lyrics&date=now+1-d&geo=CA,+350%
 Song,5,Wap song,https://trends.google.ca/trends/explore?q=wap+song&date=now+1-d&geo=CA,+250%
 Song,6,Sleeping bunnies song,https://trends.google.ca/trends/explore?q=sleeping+bunnies+song&date=now+1-d&geo=CA,+170%
 Song,7,Snoop affirmation song,https://trends.google.ca/trends/explore?q=snoop+affirmation+song&date=now+1-d&geo=CA,+160%
 Song,8,Snoop dogg affirmation song,https://trends.google.ca/trends/explore?q=snoop+dogg+affirmation+song&date=now+1-d&geo=CA,+150%
 Song,9,All by myself song,https://trends.google.ca/trends/explore?q=all+by+myself+song&date=now+1-d&geo=CA,+120%
 Song,10,Polish cow song,https://trends.google.ca/trends/explore?q=polish+cow+song&date=now+1-d&geo=CA,+120%
 Song,11,Hum song to find,https://trends.google.ca/trends/explore?q=hum+song+to+find&date=now+1-d&geo=CA,+120%
 Song,12,Song hye kyo,https://trends.google.ca/trends/explore?q=song+hye+kyo&date=now+1-d&geo=CA,+120%
 Song,13,Abracadabra song,https://trends.google.ca/trends/explore?q=abracadabra+song&date=now+1-d&geo=CA,+110%
 Song,14,Agatha all along song,https://trends.google.ca/trends/explore?q=agatha+all+along+song&date=now+1-d&geo=CA,+110%
 Song,15,Kath and kim theme song,https://trends.google.ca/trends/explore?q=kath+and+kim+theme+song&date=now+1-d&geo=CA,+110%
 Song,16,Graduation song,https://trends.google.ca/trends/explore?q=graduation+song&date=now+1-d&geo=CA,+100%
 Song,17,Months of the year song,https://trends.google.ca/trends/explore?q=months+of+the+year+song&date=now+1-d&geo=CA,+90%
 Song,18,Mozart new song,https://trends.google.ca/trends/explore?q=mozart+new+song&date=now+1-d&geo=CA,+80%
 Song,19,Franco ontarien song,https://trends.google.ca/trends/explore?q=franco+ontarien+song&date=now+1-d&geo=CA,+70%
 Song,20,Mozart,https://trends.google.ca/trends/explore?q=mozart&date=now+1-d&geo=CA,+70%
