Query,Line Number,Seed,Link,Rising Value,idType,tagType,Date
Sonic the Hedgehog 2,1,Gladiator 2,https://trends.google.ca/trends/explore?q=gladiator+2&date=now+1-d&geo=US,Breakout,154,Movie,2024-10-02
Sonic the Hedgehog 2,2,Moana 2 release date,https://trends.google.ca/trends/explore?q=moana+2+release+date&date=now+1-d&geo=US,Breakout,154,Movie,2024-10-02
Sonic the Hedgehog 2,3,Mufasa the lion king,https://trends.google.ca/trends/explore?q=mufasa+the+lion+king&date=now+1-d&geo=US,Breakout,154,Movie,2024-10-02
Sonic the Hedgehog 2,4,Sonic the hedgehog 2 box office,https://trends.google.ca/trends/explore?q=sonic+the+hedgehog+2+box+office&date=now+1-d&geo=US,+400%,154,Movie,2024-10-02
Sonic the Hedgehog 2,5,Sonic the hedgehog 2 full movie,https://trends.google.ca/trends/explore?q=sonic+the+hedgehog+2+full+movie&date=now+1-d&geo=US,+130%,154,Movie,2024-10-02
Sonic the Hedgehog 2,6,Sonic the hedgehog 2020,https://trends.google.ca/trends/explore?q=sonic+the+hedgehog+2020&date=now+1-d&geo=US,+90%,154,Movie,2024-10-02
Sonic the Hedgehog 2,7,Moana 2,https://trends.google.ca/trends/explore?q=moana+2&date=now+1-d&geo=US,+50%,154,Movie,2024-10-02
Sonic the Hedgehog 2,8,Sonic the hedgehog 3 release date,https://trends.google.ca/trends/explore?q=sonic+the+hedgehog+3+release+date&date=now+1-d&geo=US,+50%,154,Movie,2024-10-02
