Query,Line Number,Seed,Link,Rising Value,idType,tagType,Date
Sons of Anarchy,1,Sons of anarchy vest,https://trends.google.ca/trends/explore?q=sons+of+anarchy+vest&date=now+1-d&geo=US,Breakout,216,TV Show,2024-10-02
Sons of Anarchy,2,When did sons of anarchy come out,https://trends.google.ca/trends/explore?q=when+did+sons+of+anarchy+come+out&date=now+1-d&geo=US,Breakout,216,TV Show,2024-10-02
Sons of Anarchy,3,Sons of anarchy patches,https://trends.google.ca/trends/explore?q=sons+of+anarchy+patches&date=now+1-d&geo=US,Breakout,216,TV Show,2024-10-02
Sons of Anarchy,4,Titus welliver,https://trends.google.ca/trends/explore?q=titus+welliver&date=now+1-d&geo=US,Breakout,216,TV Show,2024-10-02
Sons of Anarchy,5,Jax taylor,https://trends.google.ca/trends/explore?q=jax+taylor&date=now+1-d&geo=US,Breakout,216,TV Show,2024-10-02
Sons of Anarchy,6,Who is sam crow sons of anarchy,https://trends.google.ca/trends/explore?q=who+is+sam+crow+sons+of+anarchy&date=now+1-d&geo=US,+350%,216,TV Show,2024-10-02
Sons of Anarchy,7,Sons of anarchy spinoff,https://trends.google.ca/trends/explore?q=sons+of+anarchy+spinoff&date=now+1-d&geo=US,+300%,216,TV Show,2024-10-02
Sons of Anarchy,8,Courtney love sons of anarchy,https://trends.google.ca/trends/explore?q=courtney+love+sons+of+anarchy&date=now+1-d&geo=US,+250%,216,TV Show,2024-10-02
Sons of Anarchy,9,Sons of anarchy reboot,https://trends.google.ca/trends/explore?q=sons+of+anarchy+reboot&date=now+1-d&geo=US,+180%,216,TV Show,2024-10-02
Sons of Anarchy,10,Henry rollins,https://trends.google.ca/trends/explore?q=henry+rollins&date=now+1-d&geo=US,+130%,216,TV Show,2024-10-02
Sons of Anarchy,11,Where can i stream sons of anarchy,https://trends.google.ca/trends/explore?q=where+can+i+stream+sons+of+anarchy&date=now+1-d&geo=US,+110%,216,TV Show,2024-10-02
Sons of Anarchy,12,Sons of anarchy streaming service,https://trends.google.ca/trends/explore?q=sons+of+anarchy+streaming+service&date=now+1-d&geo=US,+110%,216,TV Show,2024-10-02
Sons of Anarchy,13,Marilyn manson,https://trends.google.ca/trends/explore?q=marilyn+manson&date=now+1-d&geo=US,+100%,216,TV Show,2024-10-02
Sons of Anarchy,14,Charlie hunnam monsters,https://trends.google.ca/trends/explore?q=charlie+hunnam+monsters&date=now+1-d&geo=US,+100%,216,TV Show,2024-10-02
Sons of Anarchy,15,Streaming sons of anarchy,https://trends.google.ca/trends/explore?q=streaming+sons+of+anarchy&date=now+1-d&geo=US,+90%,216,TV Show,2024-10-02
Sons of Anarchy,16,Jax sons of anarchy actor,https://trends.google.ca/trends/explore?q=jax+sons+of+anarchy+actor&date=now+1-d&geo=US,+90%,216,TV Show,2024-10-02
Sons of Anarchy,17,Lyla sons of anarchy,https://trends.google.ca/trends/explore?q=lyla+sons+of+anarchy&date=now+1-d&geo=US,+90%,216,TV Show,2024-10-02
Sons of Anarchy,18,Sons of anarchy season 6,https://trends.google.ca/trends/explore?q=sons+of+anarchy+season+6&date=now+1-d&geo=US,+80%,216,TV Show,2024-10-02
Sons of Anarchy,19,Sons of liberty,https://trends.google.ca/trends/explore?q=sons+of+liberty&date=now+1-d&geo=US,+70%,216,TV Show,2024-10-02
Sons of Anarchy,20,Sons of anarchy fanfiction,https://trends.google.ca/trends/explore?q=sons+of+anarchy+fanfiction&date=now+1-d&geo=US,+70%,216,TV Show,2024-10-02
Sons of Anarchy,21,Sons of anarchy season 3,https://trends.google.ca/trends/explore?q=sons+of+anarchy+season+3&date=now+1-d&geo=US,+60%,216,TV Show,2024-10-02
