Query,Line Number,Seed,Link,Rising Value,idType,tagType,Date
Spider-Man: No Way Home,1,Where can i watch spider-man no way home,https://trends.google.ca/trends/explore?q=where+can+i+watch+spider-man+no+way+home&date=now+1-d&geo=US,Breakout,154,Movie,2024-10-02
Spider-Man: No Way Home,2,Deadpool and wolverine,https://trends.google.ca/trends/explore?q=deadpool+and+wolverine&date=now+1-d&geo=US,Breakout,154,Movie,2024-10-02
Spider-Man: No Way Home,3,Spider-man no way home trailer,https://trends.google.ca/trends/explore?q=spider-man+no+way+home+trailer&date=now+1-d&geo=US,+130%,154,Movie,2024-10-02
Spider-Man: No Way Home,4,Watch spider-man no way home,https://trends.google.ca/trends/explore?q=watch+spider-man+no+way+home&date=now+1-d&geo=US,+70%,154,Movie,2024-10-02
