Query,Line Number,Seed,Link,Rising Value,idType,tagType,Date
Spider-Man,1,Beyond the spider-verse release date 2024,https://trends.google.ca/trends/explore?q=beyond+the+spider-verse+release+date+2024&date=now+7-d&geo=US,+60%,217,Franchise,2024-10-03
Spider-Man,2,Where to watch spider-man no way home,https://trends.google.ca/trends/explore?q=where+to+watch+spider-man+no+way+home&date=now+7-d&geo=US,+50%,217,Franchise,2024-10-03
Spider-Man,3,The amazing adventures of spider-man,https://trends.google.ca/trends/explore?q=the+amazing+adventures+of+spider-man&date=now+7-d&geo=US,+50%,217,Franchise,2024-10-03
Spider-Man,4,Dane dehaan,https://trends.google.ca/trends/explore?q=dane+dehaan&date=now+7-d&geo=US,+50%,217,Franchise,2024-10-03
Spider-Man,5,Spider-man coloring page,https://trends.google.ca/trends/explore?q=spider-man+coloring+page&date=now+7-d&geo=US,+40%,217,Franchise,2024-10-03
