Query,Line Number,Seed,Link,Rising Value,idType,tagType,Date
Star Trek,1,Senegal,https://trends.google.ca/trends/explore?q=senegal&date=now+7-d&geo=US,Breakout,217,Franchise,2024-10-03
Star Trek,2,A discovery of witches,https://trends.google.ca/trends/explore?q=a+discovery+of+witches&date=now+7-d&geo=US,Breakout,217,Franchise,2024-10-03
Star Trek,3,Calvino,https://trends.google.ca/trends/explore?q=calvino&date=now+7-d&geo=US,"+4,650%",217,Franchise,2024-10-03
Star Trek,4,Senegal capital,https://trends.google.ca/trends/explore?q=senegal+capital&date=now+7-d&geo=US,"+3,850%",217,Franchise,2024-10-03
Star Trek,5,Zagreb,https://trends.google.ca/trends/explore?q=zagreb&date=now+7-d&geo=US,"+3,650%",217,Franchise,2024-10-03
Star Trek,6,Calvino author,https://trends.google.ca/trends/explore?q=calvino+author&date=now+7-d&geo=US,"+1,850%",217,Franchise,2024-10-03
Star Trek,7,Star trek the ultimate computer,https://trends.google.ca/trends/explore?q=star+trek+the+ultimate+computer&date=now+7-d&geo=US,+550%,217,Franchise,2024-10-03
Star Trek,8,Joan collins,https://trends.google.ca/trends/explore?q=joan+collins&date=now+7-d&geo=US,+500%,217,Franchise,2024-10-03
Star Trek,9,This side of paradise star trek,https://trends.google.ca/trends/explore?q=this+side+of+paradise+star+trek&date=now+7-d&geo=US,+450%,217,Franchise,2024-10-03
Star Trek,10,Star trek operation annihilate,https://trends.google.ca/trends/explore?q=star+trek+operation+annihilate&date=now+7-d&geo=US,+450%,217,Franchise,2024-10-03
Star Trek,11,Devil in the dark star trek,https://trends.google.ca/trends/explore?q=devil+in+the+dark+star+trek&date=now+7-d&geo=US,+400%,217,Franchise,2024-10-03
Star Trek,12,Chekov on star trek,https://trends.google.ca/trends/explore?q=chekov+on+star+trek&date=now+7-d&geo=US,+400%,217,Franchise,2024-10-03
Star Trek,13,Joan collins star trek,https://trends.google.ca/trends/explore?q=joan+collins+star+trek&date=now+7-d&geo=US,+400%,217,Franchise,2024-10-03
Star Trek,14,Jennifer hetrick,https://trends.google.ca/trends/explore?q=jennifer+hetrick&date=now+7-d&geo=US,+200%,217,Franchise,2024-10-03
Star Trek,15,Code of honor star trek,https://trends.google.ca/trends/explore?q=code+of+honor+star+trek&date=now+7-d&geo=US,+190%,217,Franchise,2024-10-03
Star Trek,16,Star trek captains,https://trends.google.ca/trends/explore?q=star+trek+captains&date=now+7-d&geo=US,+100%,217,Franchise,2024-10-03
Star Trek,17,Barclay star trek,https://trends.google.ca/trends/explore?q=barclay+star+trek&date=now+7-d&geo=US,+100%,217,Franchise,2024-10-03
Star Trek,18,Star trek convention chicago,https://trends.google.ca/trends/explore?q=star+trek+convention+chicago&date=now+7-d&geo=US,+80%,217,Franchise,2024-10-03
Star Trek,19,Star trek chekov,https://trends.google.ca/trends/explore?q=star+trek+chekov&date=now+7-d&geo=US,+70%,217,Franchise,2024-10-03
Star Trek,20,Star trek nemesis,https://trends.google.ca/trends/explore?q=star+trek+nemesis&date=now+7-d&geo=US,+60%,217,Franchise,2024-10-03
Star Trek,21,Star trek hand sign,https://trends.google.ca/trends/explore?q=star+trek+hand+sign&date=now+7-d&geo=US,+60%,217,Franchise,2024-10-03
Star Trek,22,Nichelle nichols,https://trends.google.ca/trends/explore?q=nichelle+nichols&date=now+7-d&geo=US,+50%,217,Franchise,2024-10-03
Star Trek,23,Star trek first contact cast,https://trends.google.ca/trends/explore?q=star+trek+first+contact+cast&date=now+7-d&geo=US,+50%,217,Franchise,2024-10-03
Star Trek,24,Zoe saldana,https://trends.google.ca/trends/explore?q=zoe+saldana&date=now+7-d&geo=US,+40%,217,Franchise,2024-10-03
