Query,Line Number,Seed,Link,Rising Value,Date
 Stone,1,Stone to pounds,https://trends.google.ca/trends/explore?q=stone+to+pounds&date=now+1-H&geo=CA,Breakout,2024-09-27
 Stone,2,Kidney stone symptoms,https://trends.google.ca/trends/explore?q=kidney+stone+symptoms&date=now+1-H&geo=CA,Breakout,2024-09-27
 Stone,3,Salt and stone,https://trends.google.ca/trends/explore?q=salt+and+stone&date=now+1-H&geo=CA,+180%,2024-09-27
 Stone,4,Stone island,https://trends.google.ca/trends/explore?q=stone+island&date=now+1-H&geo=CA,+110%,2024-09-27
 Stone,5,Stone tile,https://trends.google.ca/trends/explore?q=stone+tile&date=now+1-H&geo=CA,+90%,2024-09-27
 Stone,6,Stone to pounds,https://trends.google.ca/trends/explore?q=stone+to+pounds&date=now+1-H&geo=CA,Breakout,2024-09-27
 Stone,7,Kidney stone symptoms,https://trends.google.ca/trends/explore?q=kidney+stone+symptoms&date=now+1-H&geo=CA,Breakout,2024-09-27
 Stone,8,Salt and stone,https://trends.google.ca/trends/explore?q=salt+and+stone&date=now+1-H&geo=CA,+180%,2024-09-27
 Stone,9,Stone island,https://trends.google.ca/trends/explore?q=stone+island&date=now+1-H&geo=CA,+110%,2024-09-27
 Stone,10,Stone tile,https://trends.google.ca/trends/explore?q=stone+tile&date=now+1-H&geo=CA,+90%,2024-09-27
 Stone,11,Stone to pounds,https://trends.google.ca/trends/explore?q=stone+to+pounds&date=now+1-H&geo=CA,Breakout,2024-09-27
 Stone,12,Kidney stone symptoms,https://trends.google.ca/trends/explore?q=kidney+stone+symptoms&date=now+1-H&geo=CA,Breakout,2024-09-27
 Stone,13,Salt and stone,https://trends.google.ca/trends/explore?q=salt+and+stone&date=now+1-H&geo=CA,+180%,2024-09-27
 Stone,14,Stone island,https://trends.google.ca/trends/explore?q=stone+island&date=now+1-H&geo=CA,+110%,2024-09-27
 Stone,15,Stone tile,https://trends.google.ca/trends/explore?q=stone+tile&date=now+1-H&geo=CA,+90%,2024-09-27
 Stone,16,Stone to pounds,https://trends.google.ca/trends/explore?q=stone+to+pounds&date=now+1-H&geo=CA,Breakout,2024-09-27
 Stone,17,Kidney stone symptoms,https://trends.google.ca/trends/explore?q=kidney+stone+symptoms&date=now+1-H&geo=CA,Breakout,2024-09-27
 Stone,18,Salt and stone,https://trends.google.ca/trends/explore?q=salt+and+stone&date=now+1-H&geo=CA,+180%,2024-09-27
 Stone,19,Stone island,https://trends.google.ca/trends/explore?q=stone+island&date=now+1-H&geo=CA,+110%,2024-09-27
 Stone,20,Stone tile,https://trends.google.ca/trends/explore?q=stone+tile&date=now+1-H&geo=CA,+90%,2024-09-27
