Query,Line Number,Seed,Link,Rising Value,idType,tagType,Date
Suits,1,Tight fitting suits nyt,https://trends.google.ca/trends/explore?q=tight+fitting+suits+nyt&date=now+7-d&geo=US,Breakout,216,TV Show,2024-10-03
Suits,2,Tight fitting suits nyt crossword,https://trends.google.ca/trends/explore?q=tight+fitting+suits+nyt+crossword&date=now+7-d&geo=US,Breakout,216,TV Show,2024-10-03
Suits,3,Rain suits for men,https://trends.google.ca/trends/explore?q=rain+suits+for+men&date=now+7-d&geo=US,+50%,216,TV Show,2024-10-03
Suits,4,Rain suits,https://trends.google.ca/trends/explore?q=rain+suits&date=now+7-d&geo=US,+50%,216,TV Show,2024-10-03
Suits,5,Which hairstyle suits me male,https://trends.google.ca/trends/explore?q=which+hairstyle+suits+me+male&date=now+7-d&geo=US,+40%,216,TV Show,2024-10-03
