Query,Line Number,Seed,Link,Rising Value,idType,tagType,Date
Summer House,1,Below deck sailing yacht,https://trends.google.ca/trends/explore?q=below+deck+sailing+yacht&date=now+7-d&geo=US,Breakout,216,TV Show,2024-10-03
Summer House,2,Cafe babareeba,https://trends.google.ca/trends/explore?q=cafe+babareeba&date=now+7-d&geo=US,Breakout,216,TV Show,2024-10-03
Summer House,3,Monster summer movie,https://trends.google.ca/trends/explore?q=monster+summer+movie&date=now+7-d&geo=US,+200%,216,TV Show,2024-10-03
Summer House,4,Is jordan from summer house gay,https://trends.google.ca/trends/explore?q=is+jordan+from+summer+house+gay&date=now+7-d&geo=US,+100%,216,TV Show,2024-10-03
Summer House,5,Des bishop,https://trends.google.ca/trends/explore?q=des+bishop&date=now+7-d&geo=US,+90%,216,TV Show,2024-10-03
Summer House,6,Blue door farm stand,https://trends.google.ca/trends/explore?q=blue+door+farm+stand&date=now+7-d&geo=US,+90%,216,TV Show,2024-10-03
Summer House,7,Pier w,https://trends.google.ca/trends/explore?q=pier+w&date=now+7-d&geo=US,+90%,216,TV Show,2024-10-03
Summer House,8,When is the new season of summer house,https://trends.google.ca/trends/explore?q=when+is+the+new+season+of+summer+house&date=now+7-d&geo=US,+80%,216,TV Show,2024-10-03
Summer House,9,Monster house 2,https://trends.google.ca/trends/explore?q=monster+house+2&date=now+7-d&geo=US,+80%,216,TV Show,2024-10-03
Summer House,10,Monster summer,https://trends.google.ca/trends/explore?q=monster+summer&date=now+7-d&geo=US,+80%,216,TV Show,2024-10-03
Summer House,11,Summer house season 7 cast,https://trends.google.ca/trends/explore?q=summer+house+season+7+cast&date=now+7-d&geo=US,+80%,216,TV Show,2024-10-03
Summer House,12,Monster house,https://trends.google.ca/trends/explore?q=monster+house&date=now+7-d&geo=US,+80%,216,TV Show,2024-10-03
Summer House,13,Kory keefer,https://trends.google.ca/trends/explore?q=kory+keefer&date=now+7-d&geo=US,+70%,216,TV Show,2024-10-03
Summer House,14,Sam and kory summer house,https://trends.google.ca/trends/explore?q=sam+and+kory+summer+house&date=now+7-d&geo=US,+70%,216,TV Show,2024-10-03
Summer House,15,Everett summer house,https://trends.google.ca/trends/explore?q=everett+summer+house&date=now+7-d&geo=US,+70%,216,TV Show,2024-10-03
Summer House,16,Below deck,https://trends.google.ca/trends/explore?q=below+deck&date=now+7-d&geo=US,+60%,216,TV Show,2024-10-03
Summer House,17,How to keep house cool in summer,https://trends.google.ca/trends/explore?q=how+to+keep+house+cool+in+summer&date=now+7-d&geo=US,+60%,216,TV Show,2024-10-03
Summer House,18,I know what you did last summer,https://trends.google.ca/trends/explore?q=i+know+what+you+did+last+summer&date=now+7-d&geo=US,+50%,216,TV Show,2024-10-03
Summer House,19,Kyle and amanda summer house,https://trends.google.ca/trends/explore?q=kyle+and+amanda+summer+house&date=now+7-d&geo=US,+50%,216,TV Show,2024-10-03
Summer House,20,New season summer house,https://trends.google.ca/trends/explore?q=new+season+summer+house&date=now+7-d&geo=US,+40%,216,TV Show,2024-10-03
