Query,Line Number,Seed,Link,Rising Value,idType,tagType,Date
Superman (2025),1,Superman movie 2024,https://trends.google.ca/trends/explore?q=superman+movie+2024&date=now+1-d&geo=US,+450%,154,Movie,2024-10-02
Superman (2025),2,David corenswet,https://trends.google.ca/trends/explore?q=david+corenswet&date=now+1-d&geo=US,+120%,154,Movie,2024-10-02
Superman (2025),3,James gunn,https://trends.google.ca/trends/explore?q=james+gunn&date=now+1-d&geo=US,+70%,154,Movie,2024-10-02
Superman (2025),4,Superman legacy,https://trends.google.ca/trends/explore?q=superman+legacy&date=now+1-d&geo=US,+60%,154,Movie,2024-10-02
Superman (2025),5,Superman 2025 cast,https://trends.google.ca/trends/explore?q=superman+2025+cast&date=now+1-d&geo=US,+60%,154,Movie,2024-10-02
Superman (2025),6,Superman movie,https://trends.google.ca/trends/explore?q=superman+movie&date=now+1-d&geo=US,+50%,154,Movie,2024-10-02
Superman (2025),7,Superman movie 2025,https://trends.google.ca/trends/explore?q=superman+movie+2025&date=now+1-d&geo=US,+50%,154,Movie,2024-10-02
