Query,Line Number,Seed,Link,Rising Value,idType,tagType,Date
tag,1,Nxt tag team championship,https://trends.google.ca/trends/explore?q=nxt+tag+team+championship&date=now+1-d&geo=US,+180%,0,tagType,2024-10-02
tag,2,Liev schreiber,https://trends.google.ca/trends/explore?q=liev+schreiber&date=now+1-d&geo=US,+170%,0,tagType,2024-10-02
tag,3,Tag der deutschen einheit,https://trends.google.ca/trends/explore?q=tag+der+deutschen+einheit&date=now+1-d&geo=US,+160%,0,tagType,2024-10-02
tag,4,Remove before flight tag,https://trends.google.ca/trends/explore?q=remove+before+flight+tag&date=now+1-d&geo=US,+100%,0,tagType,2024-10-02
tag,5,Phone tag meaning,https://trends.google.ca/trends/explore?q=phone+tag+meaning&date=now+1-d&geo=US,+90%,0,tagType,2024-10-02
tag,6,How to tag everyone in a facebook group,https://trends.google.ca/trends/explore?q=how+to+tag+everyone+in+a+facebook+group&date=now+1-d&geo=US,+80%,0,tagType,2024-10-02
tag,7,Ez tag payment,https://trends.google.ca/trends/explore?q=ez+tag+payment&date=now+1-d&geo=US,+70%,0,tagType,2024-10-02
tag,8,Website nfc tag,https://trends.google.ca/trends/explore?q=website+nfc+tag&date=now+1-d&geo=US,+70%,0,tagType,2024-10-02
tag,9,Paulding county tag office,https://trends.google.ca/trends/explore?q=paulding+county+tag+office&date=now+1-d&geo=US,+70%,0,tagType,2024-10-02
tag,10,How to remove security tag from clothes,https://trends.google.ca/trends/explore?q=how+to+remove+security+tag+from+clothes&date=now+1-d&geo=US,+70%,0,tagType,2024-10-02
tag,11,Laredo trade tag,https://trends.google.ca/trends/explore?q=laredo+trade+tag&date=now+1-d&geo=US,+60%,0,tagType,2024-10-02
tag,12,Arkansas tag renewal,https://trends.google.ca/trends/explore?q=arkansas+tag+renewal&date=now+1-d&geo=US,+50%,0,tagType,2024-10-02
tag,13,Tudor watches,https://trends.google.ca/trends/explore?q=tudor+watches&date=now+1-d&geo=US,+50%,0,tagType,2024-10-02
tag,14,Tag der deutschen einheit 2024,https://trends.google.ca/trends/explore?q=tag+der+deutschen+einheit+2024&date=now+1-d&geo=US,+50%,0,tagType,2024-10-02
tag,15,Walton county tag office,https://trends.google.ca/trends/explore?q=walton+county+tag+office&date=now+1-d&geo=US,+50%,0,tagType,2024-10-02
tag,16,Tag game 2 player,https://trends.google.ca/trends/explore?q=tag+game+2+player&date=now+1-d&geo=US,+40%,0,tagType,2024-10-02
tag,17,Balatro double tag,https://trends.google.ca/trends/explore?q=balatro+double+tag&date=now+1-d&geo=US,+40%,0,tagType,2024-10-02
