Query,Line Number,Seed,Link,Rising Value,idType,tagType,Date
Teen Titans,1,Nightwing costume,https://trends.google.ca/trends/explore?q=nightwing+costume&date=now+7-d&geo=US,+200%,217,Franchise,2024-10-03
Teen Titans,2,Terra teen titans voice actor,https://trends.google.ca/trends/explore?q=terra+teen+titans+voice+actor&date=now+7-d&geo=US,+180%,217,Franchise,2024-10-03
Teen Titans,3,Original teen titans members,https://trends.google.ca/trends/explore?q=original+teen+titans+members&date=now+7-d&geo=US,+150%,217,Franchise,2024-10-03
Teen Titans,4,Raven teen titans hair,https://trends.google.ca/trends/explore?q=raven+teen+titans+hair&date=now+7-d&geo=US,+150%,217,Franchise,2024-10-03
Teen Titans,5,Hotel transylvania,https://trends.google.ca/trends/explore?q=hotel+transylvania&date=now+7-d&geo=US,+130%,217,Franchise,2024-10-03
Teen Titans,6,Khary payton,https://trends.google.ca/trends/explore?q=khary+payton&date=now+7-d&geo=US,+60%,217,Franchise,2024-10-03
Teen Titans,7,Teen titans judas contract cast,https://trends.google.ca/trends/explore?q=teen+titans+judas+contract+cast&date=now+7-d&geo=US,+60%,217,Franchise,2024-10-03
Teen Titans,8,Raven from teen titans go,https://trends.google.ca/trends/explore?q=raven+from+teen+titans+go&date=now+7-d&geo=US,+60%,217,Franchise,2024-10-03
Teen Titans,9,Scooby doo characters,https://trends.google.ca/trends/explore?q=scooby+doo+characters&date=now+7-d&geo=US,+60%,217,Franchise,2024-10-03
Teen Titans,10,Phineas and ferb,https://trends.google.ca/trends/explore?q=phineas+and+ferb&date=now+7-d&geo=US,+50%,217,Franchise,2024-10-03
Teen Titans,11,Codename kids next door,https://trends.google.ca/trends/explore?q=codename+kids+next+door&date=now+7-d&geo=US,+50%,217,Franchise,2024-10-03
Teen Titans,12,The amazing world of gumball,https://trends.google.ca/trends/explore?q=the+amazing+world+of+gumball&date=now+7-d&geo=US,+50%,217,Franchise,2024-10-03
Teen Titans,13,Tennessee titans,https://trends.google.ca/trends/explore?q=tennessee+titans&date=now+7-d&geo=US,+50%,217,Franchise,2024-10-03
Teen Titans,14,Shego,https://trends.google.ca/trends/explore?q=shego&date=now+7-d&geo=US,+50%,217,Franchise,2024-10-03
Teen Titans,15,Teen titans go beetlejuice episode,https://trends.google.ca/trends/explore?q=teen+titans+go+beetlejuice+episode&date=now+7-d&geo=US,+50%,217,Franchise,2024-10-03
Teen Titans,16,Danny phantom,https://trends.google.ca/trends/explore?q=danny+phantom&date=now+7-d&geo=US,+50%,217,Franchise,2024-10-03
Teen Titans,17,Teen titans go costumes,https://trends.google.ca/trends/explore?q=teen+titans+go+costumes&date=now+7-d&geo=US,+40%,217,Franchise,2024-10-03
Teen Titans,18,Hynden walch,https://trends.google.ca/trends/explore?q=hynden+walch&date=now+7-d&geo=US,+40%,217,Franchise,2024-10-03
Teen Titans,19,Teen titans halloween costumes,https://trends.google.ca/trends/explore?q=teen+titans+halloween+costumes&date=now+7-d&geo=US,+40%,217,Franchise,2024-10-03
Teen Titans,20,Tera teen titans,https://trends.google.ca/trends/explore?q=tera+teen+titans&date=now+7-d&geo=US,+40%,217,Franchise,2024-10-03
