Query,Line Number,Seed,Link,Rising Value,idType,tagType,Date
That '70s Show,1,That '70s show where to watch,https://trends.google.ca/trends/explore?q=that+'70s+show+where+to+watch&date=now+1-d&geo=US,Breakout,216,TV Show,2024-10-02
That '70s Show,2,Debra jo rupp,https://trends.google.ca/trends/explore?q=debra+jo+rupp&date=now+1-d&geo=US,Breakout,216,TV Show,2024-10-02
That '70s Show,3,That '70s show season 5,https://trends.google.ca/trends/explore?q=that+'70s+show+season+5&date=now+1-d&geo=US,+300%,216,TV Show,2024-10-02
That '70s Show,4,Ashton kutcher,https://trends.google.ca/trends/explore?q=ashton+kutcher&date=now+1-d&geo=US,+120%,216,TV Show,2024-10-02
That '70s Show,5,That '70s show season 7,https://trends.google.ca/trends/explore?q=that+'70s+show+season+7&date=now+1-d&geo=US,+90%,216,TV Show,2024-10-02
That '70s Show,6,Cast of that '70s show,https://trends.google.ca/trends/explore?q=cast+of+that+'70s+show&date=now+1-d&geo=US,+40%,216,TV Show,2024-10-02
