Query,Line Number,Seed,Link,Rising Value,idType,tagType,Date
The Acolyte,1,Amandla stenberg,https://trends.google.ca/trends/explore?q=amandla+stenberg&date=now+1-d&geo=US,+120%,216,TV Show,2024-10-02
The Acolyte,2,The acolyte episodes,https://trends.google.ca/trends/explore?q=the+acolyte+episodes&date=now+1-d&geo=US,+100%,216,TV Show,2024-10-02
The Acolyte,3,Ahsoka,https://trends.google.ca/trends/explore?q=ahsoka&date=now+1-d&geo=US,+70%,216,TV Show,2024-10-02
The Acolyte,4,Manny jacinto,https://trends.google.ca/trends/explore?q=manny+jacinto&date=now+1-d&geo=US,+60%,216,TV Show,2024-10-02
The Acolyte,5,Dafne keen,https://trends.google.ca/trends/explore?q=dafne+keen&date=now+1-d&geo=US,+50%,216,TV Show,2024-10-02
The Acolyte,6,The acolyte budget,https://trends.google.ca/trends/explore?q=the+acolyte+budget&date=now+1-d&geo=US,+40%,216,TV Show,2024-10-02
