Query,Line Number,Seed,Link,Rising Value,idType,tagType,Date
 The Avengers,1,The avengers tv show cast,https://trends.google.ca/trends/explore?q=the+avengers+tv+show+cast&date=now+1-d&geo=US,Breakout,154,Movie,2024-10-02
 The Avengers,2,Avengers doomsday trailer,https://trends.google.ca/trends/explore?q=avengers+doomsday+trailer&date=now+1-d&geo=US,Breakout,154,Movie,2024-10-02
 The Avengers,3,The avengers marvel characters list,https://trends.google.ca/trends/explore?q=the+avengers+marvel+characters+list&date=now+1-d&geo=US,Breakout,154,Movie,2024-10-02
 The Avengers,4,Avengers the kang dynasty trailer,https://trends.google.ca/trends/explore?q=avengers+the+kang+dynasty+trailer&date=now+1-d&geo=US,Breakout,154,Movie,2024-10-02
 The Avengers,5,Avengers age of ultron cast,https://trends.google.ca/trends/explore?q=avengers+age+of+ultron+cast&date=now+1-d&geo=US,+300%,154,Movie,2024-10-02
 The Avengers,6,Venom the last dance,https://trends.google.ca/trends/explore?q=venom+the+last+dance&date=now+1-d&geo=US,+250%,154,Movie,2024-10-02
 The Avengers,7,Captain america the winter soldier,https://trends.google.ca/trends/explore?q=captain+america+the+winter+soldier&date=now+1-d&geo=US,+250%,154,Movie,2024-10-02
 The Avengers,8,Venom,https://trends.google.ca/trends/explore?q=venom&date=now+1-d&geo=US,+150%,154,Movie,2024-10-02
 The Avengers,9,Avengers earth's mightiest heroes,https://trends.google.ca/trends/explore?q=avengers+earth's+mightiest+heroes&date=now+1-d&geo=US,+90%,154,Movie,2024-10-02
 The Avengers,10,Guardians of the galaxy 2,https://trends.google.ca/trends/explore?q=guardians+of+the+galaxy+2&date=now+1-d&geo=US,+90%,154,Movie,2024-10-02
 The Avengers,11,Hulk movies,https://trends.google.ca/trends/explore?q=hulk+movies&date=now+1-d&geo=US,+80%,154,Movie,2024-10-02
 The Avengers,12,Robert downey jr,https://trends.google.ca/trends/explore?q=robert+downey+jr&date=now+1-d&geo=US,+80%,154,Movie,2024-10-02
 The Avengers,13,Captain america civil war,https://trends.google.ca/trends/explore?q=captain+america+civil+war&date=now+1-d&geo=US,+80%,154,Movie,2024-10-02
 The Avengers,14,The avengers 1998,https://trends.google.ca/trends/explore?q=the+avengers+1998&date=now+1-d&geo=US,+70%,154,Movie,2024-10-02
 The Avengers,15,Fantastic four,https://trends.google.ca/trends/explore?q=fantastic+four&date=now+1-d&geo=US,+70%,154,Movie,2024-10-02
 The Avengers,16,Iron man 2,https://trends.google.ca/trends/explore?q=iron+man+2&date=now+1-d&geo=US,+60%,154,Movie,2024-10-02
 The Avengers,17,The avengers 2012 cast,https://trends.google.ca/trends/explore?q=the+avengers+2012+cast&date=now+1-d&geo=US,+50%,154,Movie,2024-10-02
 The Avengers,18,Avengers infinity war cast,https://trends.google.ca/trends/explore?q=avengers+infinity+war+cast&date=now+1-d&geo=US,+50%,154,Movie,2024-10-02
 The Avengers,19,Avengers the kang dynasty,https://trends.google.ca/trends/explore?q=avengers+the+kang+dynasty&date=now+1-d&geo=US,+40%,154,Movie,2024-10-02
 The Avengers,20,Marvel characters,https://trends.google.ca/trends/explore?q=marvel+characters&date=now+1-d&geo=US,+40%,154,Movie,2024-10-02
 The Avengers,21,Deadpool and wolverine,https://trends.google.ca/trends/explore?q=deadpool+and+wolverine&date=now+1-d&geo=US,+40%,154,Movie,2024-10-02
 The Avengers,22,Cast of avengers the kang dynasty,https://trends.google.ca/trends/explore?q=cast+of+avengers+the+kang+dynasty&date=now+1-d&geo=US,+40%,154,Movie,2024-10-02
