Query,Line Number,Seed,Link,Rising Value,idType,tagType,Date
 The Incredible Hulk,1,Liv tyler,https://trends.google.ca/trends/explore?q=liv+tyler&date=now+1-d&geo=US,+400%,154,Movie,2024-10-02
 The Incredible Hulk,2,The incredible hulk returns,https://trends.google.ca/trends/explore?q=the+incredible+hulk+returns&date=now+1-d&geo=US,+100%,154,Movie,2024-10-02
 The Incredible Hulk,3,The incredible hulk game,https://trends.google.ca/trends/explore?q=the+incredible+hulk+game&date=now+1-d&geo=US,+80%,154,Movie,2024-10-02
 The Incredible Hulk,4,The death of the incredible hulk,https://trends.google.ca/trends/explore?q=the+death+of+the+incredible+hulk&date=now+1-d&geo=US,+80%,154,Movie,2024-10-02
 The Incredible Hulk,5,The incredible hulk 1977,https://trends.google.ca/trends/explore?q=the+incredible+hulk+1977&date=now+1-d&geo=US,+60%,154,Movie,2024-10-02
 The Incredible Hulk,6,The hulk movie,https://trends.google.ca/trends/explore?q=the+hulk+movie&date=now+1-d&geo=US,+40%,154,Movie,2024-10-02
