Query,Line Number,Seed,Link,Rising Value,idType,tagType,Date
The Real Housewives of New Jersey,1,Melissa gorga,https://trends.google.ca/trends/explore?q=melissa+gorga&date=now+7-d&geo=US,+300%,216,TV Show,2024-10-03
The Real Housewives of New Jersey,2,The real housewives of new york city,https://trends.google.ca/trends/explore?q=the+real+housewives+of+new+york+city&date=now+7-d&geo=US,+80%,216,TV Show,2024-10-03
The Real Housewives of New Jersey,3,Where do the real housewives of new jersey live,https://trends.google.ca/trends/explore?q=where+do+the+real+housewives+of+new+jersey+live&date=now+7-d&geo=US,+70%,216,TV Show,2024-10-03
The Real Housewives of New Jersey,4,Real housewives of new jersey season 14,https://trends.google.ca/trends/explore?q=real+housewives+of+new+jersey+season+14&date=now+7-d&geo=US,+70%,216,TV Show,2024-10-03
The Real Housewives of New Jersey,5,Jacqueline laurita,https://trends.google.ca/trends/explore?q=jacqueline+laurita&date=now+7-d&geo=US,+40%,216,TV Show,2024-10-03
