Query,Line Number,Seed,Link,Rising Value,idType,tagType,Date
The Circle,1,What time does the new episode of the circle come out,https://trends.google.ca/trends/explore?q=what+time+does+the+new+episode+of+the+circle+come+out&date=now+1-d&geo=US,Breakout,216,TV Show,2024-10-02
The Circle,2,When does the finale of the circle come out,https://trends.google.ca/trends/explore?q=when+does+the+finale+of+the+circle+come+out&date=now+1-d&geo=US,Breakout,216,TV Show,2024-10-02
The Circle,3,Jadejha edwards,https://trends.google.ca/trends/explore?q=jadejha+edwards&date=now+1-d&geo=US,"+4,450%",216,TV Show,2024-10-02
The Circle,4,Which undefined term is used to define an angle? line plane point ray,https://trends.google.ca/trends/explore?q=which+undefined+term+is+used+to+define+an+angle?+line+plane+point+ray&date=now+1-d&geo=US,"+3,400%",216,TV Show,2024-10-02
The Circle,5,The circle season 7 release date,https://trends.google.ca/trends/explore?q=the+circle+season+7+release+date&date=now+1-d&geo=US,"+1,250%",216,TV Show,2024-10-02
The Circle,6,What time does the circle finale come out,https://trends.google.ca/trends/explore?q=what+time+does+the+circle+finale+come+out&date=now+1-d&geo=US,"+1,050%",216,TV Show,2024-10-02
The Circle,7,Pt time,https://trends.google.ca/trends/explore?q=pt+time&date=now+1-d&geo=US,+600%,216,TV Show,2024-10-02
The Circle,8,When does the circle finale come out,https://trends.google.ca/trends/explore?q=when+does+the+circle+finale+come+out&date=now+1-d&geo=US,+400%,216,TV Show,2024-10-02
The Circle,9,Jadeja circle,https://trends.google.ca/trends/explore?q=jadeja+circle&date=now+1-d&geo=US,+350%,216,TV Show,2024-10-02
The Circle,10,Jadeja the circle,https://trends.google.ca/trends/explore?q=jadeja+the+circle&date=now+1-d&geo=US,+300%,216,TV Show,2024-10-02
The Circle,11,Darian and jadejha the circle,https://trends.google.ca/trends/explore?q=darian+and+jadejha+the+circle&date=now+1-d&geo=US,+300%,216,TV Show,2024-10-02
The Circle,12,The circle season 7 cast instagram,https://trends.google.ca/trends/explore?q=the+circle+season+7+cast+instagram&date=now+1-d&geo=US,+250%,216,TV Show,2024-10-02
The Circle,13,Darian and jadejha,https://trends.google.ca/trends/explore?q=darian+and+jadejha&date=now+1-d&geo=US,+250%,216,TV Show,2024-10-02
The Circle,14,Who won the circle,https://trends.google.ca/trends/explore?q=who+won+the+circle&date=now+1-d&geo=US,+250%,216,TV Show,2024-10-02
The Circle,15,The circle gianna,https://trends.google.ca/trends/explore?q=the+circle+gianna&date=now+1-d&geo=US,+250%,216,TV Show,2024-10-02
The Circle,16,Who won the circle season 7,https://trends.google.ca/trends/explore?q=who+won+the+circle+season+7&date=now+1-d&geo=US,+250%,216,TV Show,2024-10-02
The Circle,17,The circle finale,https://trends.google.ca/trends/explore?q=the+circle+finale&date=now+1-d&geo=US,+200%,216,TV Show,2024-10-02
The Circle,18,Circle season 7,https://trends.google.ca/trends/explore?q=circle+season+7&date=now+1-d&geo=US,+120%,216,TV Show,2024-10-02
The Circle,19,The circle season 7,https://trends.google.ca/trends/explore?q=the+circle+season+7&date=now+1-d&geo=US,+110%,216,TV Show,2024-10-02
The Circle,20,Madelyn the circle,https://trends.google.ca/trends/explore?q=madelyn+the+circle&date=now+1-d&geo=US,+100%,216,TV Show,2024-10-02
The Circle,21,The circle netflix,https://trends.google.ca/trends/explore?q=the+circle+netflix&date=now+1-d&geo=US,+60%,216,TV Show,2024-10-02
