Query,Line Number,Seed,Link,Rising Value,idType,tagType,Date
The Punisher,1,Sam raimi punisher,https://trends.google.ca/trends/explore?q=sam+raimi+punisher&date=now+7-d&geo=US,Breakout,216,TV Show,2024-10-03
The Punisher,2,Punisher in spider man 2,https://trends.google.ca/trends/explore?q=punisher+in+spider+man+2&date=now+7-d&geo=US,Breakout,216,TV Show,2024-10-03
The Punisher,3,Sam raimi,https://trends.google.ca/trends/explore?q=sam+raimi&date=now+7-d&geo=US,Breakout,216,TV Show,2024-10-03
The Punisher,4,Breaking bad,https://trends.google.ca/trends/explore?q=breaking+bad&date=now+7-d&geo=US,"+4,250%",216,TV Show,2024-10-03
The Punisher,5,Magneto,https://trends.google.ca/trends/explore?q=magneto&date=now+7-d&geo=US,+600%,216,TV Show,2024-10-03
The Punisher,6,The punisher movie 1997 cast,https://trends.google.ca/trends/explore?q=the+punisher+movie+1997+cast&date=now+7-d&geo=US,+500%,216,TV Show,2024-10-03
The Punisher,7,Loki,https://trends.google.ca/trends/explore?q=loki&date=now+7-d&geo=US,+350%,216,TV Show,2024-10-03
The Punisher,8,Jon bernthal height,https://trends.google.ca/trends/explore?q=jon+bernthal+height&date=now+7-d&geo=US,+300%,216,TV Show,2024-10-03
The Punisher,9,Hades the punisher,https://trends.google.ca/trends/explore?q=hades+the+punisher&date=now+7-d&geo=US,+250%,216,TV Show,2024-10-03
The Punisher,10,The punisher backstory,https://trends.google.ca/trends/explore?q=the+punisher+backstory&date=now+7-d&geo=US,+250%,216,TV Show,2024-10-03
The Punisher,11,Zo-zu the punisher,https://trends.google.ca/trends/explore?q=zo-zu+the+punisher&date=now+7-d&geo=US,+190%,216,TV Show,2024-10-03
The Punisher,12,Zozu the punisher,https://trends.google.ca/trends/explore?q=zozu+the+punisher&date=now+7-d&geo=US,+170%,216,TV Show,2024-10-03
The Punisher,13,Punisher war zone cast,https://trends.google.ca/trends/explore?q=punisher+war+zone+cast&date=now+7-d&geo=US,+140%,216,TV Show,2024-10-03
The Punisher,14,Spider man,https://trends.google.ca/trends/explore?q=spider+man&date=now+7-d&geo=US,+130%,216,TV Show,2024-10-03
