Query,Line Number,Seed,Link,Rising Value,idType,tagType,Date
The X-Files,1,Mark snow the x-files,https://trends.google.ca/trends/explore?q=mark+snow+the+x-files&date=now+7-d&geo=US,Breakout,217,Franchise,2024-10-03
The X-Files,2,The x-files season 12,https://trends.google.ca/trends/explore?q=the+x-files+season+12&date=now+7-d&geo=US,+550%,217,Franchise,2024-10-03
The X-Files,3,Eugene tooms,https://trends.google.ca/trends/explore?q=eugene+tooms&date=now+7-d&geo=US,+300%,217,Franchise,2024-10-03
The X-Files,4,The x-files season 8,https://trends.google.ca/trends/explore?q=the+x-files+season+8&date=now+7-d&geo=US,+120%,217,Franchise,2024-10-03
The X-Files,5,Bear from annihilation,https://trends.google.ca/trends/explore?q=bear+from+annihilation&date=now+7-d&geo=US,+70%,217,Franchise,2024-10-03
