Query,Line Number,Seed,Link,Rising Value,idType,tagType,Date
The Big Bang Theory,1,Kunal nayyar,https://trends.google.ca/trends/explore?q=kunal+nayyar&date=now+1-d&geo=US,Breakout,216,TV Show,2024-10-02
The Big Bang Theory,2,Jim parsons movies and tv shows,https://trends.google.ca/trends/explore?q=jim+parsons+movies+and+tv+shows&date=now+1-d&geo=US,Breakout,216,TV Show,2024-10-02
The Big Bang Theory,3,Lauren lapkus,https://trends.google.ca/trends/explore?q=lauren+lapkus&date=now+1-d&geo=US,+400%,216,TV Show,2024-10-02
The Big Bang Theory,4,The big bang theory season 5,https://trends.google.ca/trends/explore?q=the+big+bang+theory+season+5&date=now+1-d&geo=US,+100%,216,TV Show,2024-10-02
The Big Bang Theory,5,The big bang theory season 10,https://trends.google.ca/trends/explore?q=the+big+bang+theory+season+10&date=now+1-d&geo=US,+70%,216,TV Show,2024-10-02
The Big Bang Theory,6,The big bang theory season 3,https://trends.google.ca/trends/explore?q=the+big+bang+theory+season+3&date=now+1-d&geo=US,+70%,216,TV Show,2024-10-02
The Big Bang Theory,7,Big bang theory theme song,https://trends.google.ca/trends/explore?q=big+bang+theory+theme+song&date=now+1-d&geo=US,+70%,216,TV Show,2024-10-02
The Big Bang Theory,8,Stephen hawking,https://trends.google.ca/trends/explore?q=stephen+hawking&date=now+1-d&geo=US,+50%,216,TV Show,2024-10-02
