Query,Line Number,Seed,Link,Rising Value,idType,tagType,Date
The Dark Knight Rises,1,Tom hardy,https://trends.google.ca/trends/explore?q=tom+hardy&date=now+1-d&geo=US,+70%,154,Movie,2024-10-02
The Dark Knight Rises,2,The dark knight rises cast bane,https://trends.google.ca/trends/explore?q=the+dark+knight+rises+cast+bane&date=now+1-d&geo=US,+70%,154,Movie,2024-10-02
The Dark Knight Rises,3,Who played bane in the dark knight rises,https://trends.google.ca/trends/explore?q=who+played+bane+in+the+dark+knight+rises&date=now+1-d&geo=US,+70%,154,Movie,2024-10-02
The Dark Knight Rises,4,The dark knight rises cast joker,https://trends.google.ca/trends/explore?q=the+dark+knight+rises+cast+joker&date=now+1-d&geo=US,+50%,154,Movie,2024-10-02
