Query,Line Number,Seed,Link,Rising Value,idType,tagType,Date
 The Incredible Hulk,1,Lou ferrigno,https://trends.google.ca/trends/explore?q=lou+ferrigno&date=now+1-d&geo=US,Breakout,154,Movie,2024-10-02
 The Incredible Hulk,2,Thor,https://trends.google.ca/trends/explore?q=thor&date=now+1-d&geo=US,+200%,154,Movie,2024-10-02
 The Incredible Hulk,3,The incredible hulk 1977,https://trends.google.ca/trends/explore?q=the+incredible+hulk+1977&date=now+1-d&geo=US,+110%,154,Movie,2024-10-02
 The Incredible Hulk,4,Hulk 2003,https://trends.google.ca/trends/explore?q=hulk+2003&date=now+1-d&geo=US,+60%,154,Movie,2024-10-02
