Query,Line Number,Seed,Link,Rising Value,idType,tagType,Date
The Walking Dead: The Ones Who Live,1,Rick and michonne series,https://trends.google.ca/trends/explore?q=rick+and+michonne+series&date=now+7-d&geo=US,Breakout,216,TV Show,2024-10-03
The Walking Dead: The Ones Who Live,2,Hdtoday,https://trends.google.ca/trends/explore?q=hdtoday&date=now+7-d&geo=US,Breakout,216,TV Show,2024-10-03
The Walking Dead: The Ones Who Live,3,Walking dead spin-offs in order,https://trends.google.ca/trends/explore?q=walking+dead+spin-offs+in+order&date=now+7-d&geo=US,Breakout,216,TV Show,2024-10-03
The Walking Dead: The Ones Who Live,4,123 movies,https://trends.google.ca/trends/explore?q=123+movies&date=now+7-d&geo=US,Breakout,216,TV Show,2024-10-03
The Walking Dead: The Ones Who Live,5,Fmovies,https://trends.google.ca/trends/explore?q=fmovies&date=now+7-d&geo=US,Breakout,216,TV Show,2024-10-03
The Walking Dead: The Ones Who Live,6,The batman,https://trends.google.ca/trends/explore?q=the+batman&date=now+7-d&geo=US,+250%,216,TV Show,2024-10-03
The Walking Dead: The Ones Who Live,7,Daryl dixon the book of carol,https://trends.google.ca/trends/explore?q=daryl+dixon+the+book+of+carol&date=now+7-d&geo=US,+250%,216,TV Show,2024-10-03
The Walking Dead: The Ones Who Live,8,The book of carol,https://trends.google.ca/trends/explore?q=the+book+of+carol&date=now+7-d&geo=US,+190%,216,TV Show,2024-10-03
The Walking Dead: The Ones Who Live,9,Book of carol,https://trends.google.ca/trends/explore?q=book+of+carol&date=now+7-d&geo=US,+170%,216,TV Show,2024-10-03
The Walking Dead: The Ones Who Live,10,How did the walking dead end,https://trends.google.ca/trends/explore?q=how+did+the+walking+dead+end&date=now+7-d&geo=US,+150%,216,TV Show,2024-10-03
The Walking Dead: The Ones Who Live,11,Norman reedus,https://trends.google.ca/trends/explore?q=norman+reedus&date=now+7-d&geo=US,+130%,216,TV Show,2024-10-03
The Walking Dead: The Ones Who Live,12,What comes after the walking dead,https://trends.google.ca/trends/explore?q=what+comes+after+the+walking+dead&date=now+7-d&geo=US,+110%,216,TV Show,2024-10-03
The Walking Dead: The Ones Who Live,13,Does daryl die in the walking dead,https://trends.google.ca/trends/explore?q=does+daryl+die+in+the+walking+dead&date=now+7-d&geo=US,+70%,216,TV Show,2024-10-03
The Walking Dead: The Ones Who Live,14,Walking dead spinoffs,https://trends.google.ca/trends/explore?q=walking+dead+spinoffs&date=now+7-d&geo=US,+60%,216,TV Show,2024-10-03
The Walking Dead: The Ones Who Live,15,The walking dead daryl dixon episodes,https://trends.google.ca/trends/explore?q=the+walking+dead+daryl+dixon+episodes&date=now+7-d&geo=US,+60%,216,TV Show,2024-10-03
The Walking Dead: The Ones Who Live,16,The walking dead shows in order,https://trends.google.ca/trends/explore?q=the+walking+dead+shows+in+order&date=now+7-d&geo=US,+60%,216,TV Show,2024-10-03
The Walking Dead: The Ones Who Live,17,How many seasons of the walking dead,https://trends.google.ca/trends/explore?q=how+many+seasons+of+the+walking+dead&date=now+7-d&geo=US,+50%,216,TV Show,2024-10-03
The Walking Dead: The Ones Who Live,18,The walking dead chronological order,https://trends.google.ca/trends/explore?q=the+walking+dead+chronological+order&date=now+7-d&geo=US,+50%,216,TV Show,2024-10-03
The Walking Dead: The Ones Who Live,19,Is the walking dead over,https://trends.google.ca/trends/explore?q=is+the+walking+dead+over&date=now+7-d&geo=US,+50%,216,TV Show,2024-10-03
The Walking Dead: The Ones Who Live,20,The walking dead series in order,https://trends.google.ca/trends/explore?q=the+walking+dead+series+in+order&date=now+7-d&geo=US,+50%,216,TV Show,2024-10-03
The Walking Dead: The Ones Who Live,21,Walking dead series in order,https://trends.google.ca/trends/explore?q=walking+dead+series+in+order&date=now+7-d&geo=US,+40%,216,TV Show,2024-10-03
The Walking Dead: The Ones Who Live,22,Amc,https://trends.google.ca/trends/explore?q=amc&date=now+7-d&geo=US,+40%,216,TV Show,2024-10-03
The Walking Dead: The Ones Who Live,23,The walking dead spinoffs,https://trends.google.ca/trends/explore?q=the+walking+dead+spinoffs&date=now+7-d&geo=US,+40%,216,TV Show,2024-10-03
