Query,Line Number,Seed,Link,Rising Value,idType,tagType,Date
The Handmaid's Tale,1,Elisabeth moss,https://trends.google.ca/trends/explore?q=elisabeth+moss&date=now+1-d&geo=US,Breakout,216,TV Show,2024-10-02
The Handmaid's Tale,2,The handmaid's tale quotes with page numbers,https://trends.google.ca/trends/explore?q=the+handmaid's+tale+quotes+with+page+numbers&date=now+1-d&geo=US,+250%,216,TV Show,2024-10-02
The Handmaid's Tale,3,Handmaid's tale season 6 release date 2024,https://trends.google.ca/trends/explore?q=handmaid's+tale+season+6+release+date+2024&date=now+1-d&geo=US,+120%,216,TV Show,2024-10-02
The Handmaid's Tale,4,The last of us season 2,https://trends.google.ca/trends/explore?q=the+last+of+us+season+2&date=now+1-d&geo=US,+110%,216,TV Show,2024-10-02
The Handmaid's Tale,5,How many seasons of the handmaid's tale,https://trends.google.ca/trends/explore?q=how+many+seasons+of+the+handmaid's+tale&date=now+1-d&geo=US,+80%,216,TV Show,2024-10-02
The Handmaid's Tale,6,The handmaid's tale season 1,https://trends.google.ca/trends/explore?q=the+handmaid's+tale+season+1&date=now+1-d&geo=US,+70%,216,TV Show,2024-10-02
The Handmaid's Tale,7,The handmaid's tale season 5,https://trends.google.ca/trends/explore?q=the+handmaid's+tale+season+5&date=now+1-d&geo=US,+50%,216,TV Show,2024-10-02
The Handmaid's Tale,8,Wednesday season 2,https://trends.google.ca/trends/explore?q=wednesday+season+2&date=now+1-d&geo=US,+50%,216,TV Show,2024-10-02
The Handmaid's Tale,9,The handmaid's tale season 6 release date,https://trends.google.ca/trends/explore?q=the+handmaid's+tale+season+6+release+date&date=now+1-d&geo=US,+40%,216,TV Show,2024-10-02
