Query,Line Number,Seed,Link,Rising Value,idType,tagType,Date
The Expendables,1,The expendables 1 cast,https://trends.google.ca/trends/explore?q=the+expendables+1+cast&date=now+1-d&geo=US,+300%,154,Movie,2024-10-02
The Expendables,2,Watch the expendables,https://trends.google.ca/trends/explore?q=watch+the+expendables&date=now+1-d&geo=US,+100%,154,Movie,2024-10-02
The Expendables,3,Watch the expendables 4,https://trends.google.ca/trends/explore?q=watch+the+expendables+4&date=now+1-d&geo=US,+70%,154,Movie,2024-10-02
The Expendables,4,Cast of the expendables,https://trends.google.ca/trends/explore?q=cast+of+the+expendables&date=now+1-d&geo=US,+60%,154,Movie,2024-10-02
