Query,Line Number,Seed,Link,Rising Value,idType,tagType,Date
The Amazing Race,1,The summit tv show,https://trends.google.ca/trends/explore?q=the+summit+tv+show&date=now+1-d&geo=US,Breakout,216,TV Show,2024-10-02
The Amazing Race,2,When does the next season of amazing race start,https://trends.google.ca/trends/explore?q=when+does+the+next+season+of+amazing+race+start&date=now+1-d&geo=US,Breakout,216,TV Show,2024-10-02
The Amazing Race,3,Amazing race season 37 premiere date,https://trends.google.ca/trends/explore?q=amazing+race+season+37+premiere+date&date=now+1-d&geo=US,Breakout,216,TV Show,2024-10-02
The Amazing Race,4,The amazing race season 33,https://trends.google.ca/trends/explore?q=the+amazing+race+season+33&date=now+1-d&geo=US,+110%,216,TV Show,2024-10-02
The Amazing Race,5,The summit,https://trends.google.ca/trends/explore?q=the+summit&date=now+1-d&geo=US,+100%,216,TV Show,2024-10-02
The Amazing Race,6,The amazing race season 35,https://trends.google.ca/trends/explore?q=the+amazing+race+season+35&date=now+1-d&geo=US,+80%,216,TV Show,2024-10-02
The Amazing Race,7,When is the next amazing race,https://trends.google.ca/trends/explore?q=when+is+the+next+amazing+race&date=now+1-d&geo=US,+70%,216,TV Show,2024-10-02
The Amazing Race,8,Amazing race season 37,https://trends.google.ca/trends/explore?q=amazing+race+season+37&date=now+1-d&geo=US,+50%,216,TV Show,2024-10-02
The Amazing Race,9,When is the next season of amazing race,https://trends.google.ca/trends/explore?q=when+is+the+next+season+of+amazing+race&date=now+1-d&geo=US,+40%,216,TV Show,2024-10-02
