Query,Line Number,Seed,Link,Rising Value,idType,tagType,Date
The Expanse,1,The expanse book series,https://trends.google.ca/trends/explore?q=the+expanse+book+series&date=now+1-d&geo=US,+80%,216,TV Show,2024-10-02
The Expanse,2,The expanse telltale,https://trends.google.ca/trends/explore?q=the+expanse+telltale&date=now+1-d&geo=US,+60%,216,TV Show,2024-10-02
The Expanse,3,For all mankind,https://trends.google.ca/trends/explore?q=for+all+mankind&date=now+1-d&geo=US,+60%,216,TV Show,2024-10-02
The Expanse,4,The expanse detective miller,https://trends.google.ca/trends/explore?q=the+expanse+detective+miller&date=now+1-d&geo=US,+60%,216,TV Show,2024-10-02
The Expanse,5,The expanse reddit,https://trends.google.ca/trends/explore?q=the+expanse+reddit&date=now+1-d&geo=US,+50%,216,TV Show,2024-10-02
The Expanse,6,The expanse season 6,https://trends.google.ca/trends/explore?q=the+expanse+season+6&date=now+1-d&geo=US,+50%,216,TV Show,2024-10-02
The Expanse,7,The expanse wiki,https://trends.google.ca/trends/explore?q=the+expanse+wiki&date=now+1-d&geo=US,+40%,216,TV Show,2024-10-02
