Query,Line Number,Seed,Link,Rising Value,idType,tagType,Date
The Golden Bachelor,1,Theresa nist,https://trends.google.ca/trends/explore?q=theresa+nist&date=now+1-d&geo=US,+350%,216,TV Show,2024-10-02
The Golden Bachelor,2,What day does the golden bachelor come on,https://trends.google.ca/trends/explore?q=what+day+does+the+golden+bachelor+come+on&date=now+1-d&geo=US,+170%,216,TV Show,2024-10-02
The Golden Bachelor,3,The golden bachelorette episodes,https://trends.google.ca/trends/explore?q=the+golden+bachelorette+episodes&date=now+1-d&geo=US,+120%,216,TV Show,2024-10-02
The Golden Bachelor,4,Where to watch the golden bachelorette,https://trends.google.ca/trends/explore?q=where+to+watch+the+golden+bachelorette&date=now+1-d&geo=US,+120%,216,TV Show,2024-10-02
The Golden Bachelor,5,Who is the next golden bachelor,https://trends.google.ca/trends/explore?q=who+is+the+next+golden+bachelor&date=now+1-d&geo=US,+110%,216,TV Show,2024-10-02
The Golden Bachelor,6,When is the next golden bachelor,https://trends.google.ca/trends/explore?q=when+is+the+next+golden+bachelor&date=now+1-d&geo=US,+90%,216,TV Show,2024-10-02
The Golden Bachelor,7,Gary from the golden bachelor,https://trends.google.ca/trends/explore?q=gary+from+the+golden+bachelor&date=now+1-d&geo=US,+70%,216,TV Show,2024-10-02
The Golden Bachelor,8,Gerry turner,https://trends.google.ca/trends/explore?q=gerry+turner&date=now+1-d&geo=US,+70%,216,TV Show,2024-10-02
The Golden Bachelor,9,Who won the golden bachelor,https://trends.google.ca/trends/explore?q=who+won+the+golden+bachelor&date=now+1-d&geo=US,+60%,216,TV Show,2024-10-02
The Golden Bachelor,10,The golden bachelor contestants,https://trends.google.ca/trends/explore?q=the+golden+bachelor+contestants&date=now+1-d&geo=US,+60%,216,TV Show,2024-10-02
