Query,Line Number,Seed,Link,Rising Value,idType,tagType,Date
The Batman,1,Julian rush batman,https://trends.google.ca/trends/explore?q=julian+rush+batman&date=now+7-d&geo=US,"+1,200%",154,Movie,2024-10-03
The Batman,2,Batman vs the diddler,https://trends.google.ca/trends/explore?q=batman+vs+the+diddler&date=now+7-d&geo=US,+250%,154,Movie,2024-10-03
The Batman,3,Batman arkham shadow,https://trends.google.ca/trends/explore?q=batman+arkham+shadow&date=now+7-d&geo=US,+140%,154,Movie,2024-10-03
The Batman,4,The boy who loved batman,https://trends.google.ca/trends/explore?q=the+boy+who+loved+batman&date=now+7-d&geo=US,+140%,154,Movie,2024-10-03
The Batman,5,Will batman appear in the penguin,https://trends.google.ca/trends/explore?q=will+batman+appear+in+the+penguin&date=now+7-d&geo=US,+120%,154,Movie,2024-10-03
The Batman,6,Penguin episode 2,https://trends.google.ca/trends/explore?q=penguin+episode+2&date=now+7-d&geo=US,+110%,154,Movie,2024-10-03
The Batman,7,The penguin episode 2,https://trends.google.ca/trends/explore?q=the+penguin+episode+2&date=now+7-d&geo=US,+110%,154,Movie,2024-10-03
The Batman,8,Joker folie à deux,https://trends.google.ca/trends/explore?q=joker+folie+%C3%A0+deux&date=now+7-d&geo=US,+90%,154,Movie,2024-10-03
The Batman,9,The batman opening monologue,https://trends.google.ca/trends/explore?q=the+batman+opening+monologue&date=now+7-d&geo=US,+90%,154,Movie,2024-10-03
The Batman,10,Johnny viti,https://trends.google.ca/trends/explore?q=johnny+viti&date=now+7-d&geo=US,+80%,154,Movie,2024-10-03
The Batman,11,Batman the long halloween movie,https://trends.google.ca/trends/explore?q=batman+the+long+halloween+movie&date=now+7-d&geo=US,+70%,154,Movie,2024-10-03
The Batman,12,Johnny viti batman,https://trends.google.ca/trends/explore?q=johnny+viti+batman&date=now+7-d&geo=US,+70%,154,Movie,2024-10-03
The Batman,13,The batman costume,https://trends.google.ca/trends/explore?q=the+batman+costume&date=now+7-d&geo=US,+50%,154,Movie,2024-10-03
The Batman,14,Batman costume,https://trends.google.ca/trends/explore?q=batman+costume&date=now+7-d&geo=US,+50%,154,Movie,2024-10-03
The Batman,15,Batman and harley quinn,https://trends.google.ca/trends/explore?q=batman+and+harley+quinn&date=now+7-d&geo=US,+50%,154,Movie,2024-10-03
The Batman,16,Scarecrow batman,https://trends.google.ca/trends/explore?q=scarecrow+batman&date=now+7-d&geo=US,+50%,154,Movie,2024-10-03
The Batman,17,Heath ledger joker,https://trends.google.ca/trends/explore?q=heath+ledger+joker&date=now+7-d&geo=US,+50%,154,Movie,2024-10-03
The Batman,18,Lego batman the videogame,https://trends.google.ca/trends/explore?q=lego+batman+the+videogame&date=now+7-d&geo=US,+50%,154,Movie,2024-10-03
The Batman,19,The scarecrow batman,https://trends.google.ca/trends/explore?q=the+scarecrow+batman&date=now+7-d&geo=US,+50%,154,Movie,2024-10-03
The Batman,20,Suicide squad,https://trends.google.ca/trends/explore?q=suicide+squad&date=now+7-d&geo=US,+40%,154,Movie,2024-10-03
The Batman,21,Absolute batman,https://trends.google.ca/trends/explore?q=absolute+batman&date=now+7-d&geo=US,+40%,154,Movie,2024-10-03
The Batman,22,Batman arkham asylum,https://trends.google.ca/trends/explore?q=batman+arkham+asylum&date=now+7-d&geo=US,+40%,154,Movie,2024-10-03
