Query,Line Number,Seed,Link,Rising Value,idType,tagType,Date
The Hunger Games,1,Los juegos del hambre,https://trends.google.ca/trends/explore?q=los+juegos+del+hambre&date=now+7-d&geo=US,+250%,217,Franchise,2024-10-03
The Hunger Games,2,Watch los juegos del hambre,https://trends.google.ca/trends/explore?q=watch+los+juegos+del+hambre&date=now+7-d&geo=US,+250%,217,Franchise,2024-10-03
The Hunger Games,3,When does the new hunger games movie come out,https://trends.google.ca/trends/explore?q=when+does+the+new+hunger+games+movie+come+out&date=now+7-d&geo=US,+100%,217,Franchise,2024-10-03
The Hunger Games,4,Who won the first hunger games,https://trends.google.ca/trends/explore?q=who+won+the+first+hunger+games&date=now+7-d&geo=US,+90%,217,Franchise,2024-10-03
The Hunger Games,5,How old is katniss in the first hunger games,https://trends.google.ca/trends/explore?q=how+old+is+katniss+in+the+first+hunger+games&date=now+7-d&geo=US,+70%,217,Franchise,2024-10-03
The Hunger Games,6,The hunger games illustrated edition,https://trends.google.ca/trends/explore?q=the+hunger+games+illustrated+edition&date=now+7-d&geo=US,+60%,217,Franchise,2024-10-03
The Hunger Games,7,When does the new hunger games book come out,https://trends.google.ca/trends/explore?q=when+does+the+new+hunger+games+book+come+out&date=now+7-d&geo=US,+50%,217,Franchise,2024-10-03
The Hunger Games,8,When is the new hunger games book coming out,https://trends.google.ca/trends/explore?q=when+is+the+new+hunger+games+book+coming+out&date=now+7-d&geo=US,+50%,217,Franchise,2024-10-03
The Hunger Games,9,Pirates of the caribbean,https://trends.google.ca/trends/explore?q=pirates+of+the+caribbean&date=now+7-d&geo=US,+50%,217,Franchise,2024-10-03
The Hunger Games,10,The starving games,https://trends.google.ca/trends/explore?q=the+starving+games&date=now+7-d&geo=US,+50%,217,Franchise,2024-10-03
The Hunger Games,11,Twilight movies,https://trends.google.ca/trends/explore?q=twilight+movies&date=now+7-d&geo=US,+40%,217,Franchise,2024-10-03
The Hunger Games,12,Hunger games books in order,https://trends.google.ca/trends/explore?q=hunger+games+books+in+order&date=now+7-d&geo=US,+40%,217,Franchise,2024-10-03
The Hunger Games,13,The hunger the ballad of songbirds and snakes release date,https://trends.google.ca/trends/explore?q=the+hunger+the+ballad+of+songbirds+and+snakes+release+date&date=now+7-d&geo=US,+40%,217,Franchise,2024-10-03
