Query,Line Number,Seed,Link,Rising Value,idType,tagType,Date
The Amazing Spider-Man 2,1,The amazing spider man 2,https://trends.google.ca/trends/explore?q=the+amazing+spider+man+2&date=now+1-d&geo=US,,154,Movie,2024-10-02
The Amazing Spider-Man 2,2,Spider man 2,https://trends.google.ca/trends/explore?q=spider+man+2&date=now+1-d&geo=US,,154,Movie,2024-10-02
The Amazing Spider-Man 2,3,Spiderman,https://trends.google.ca/trends/explore?q=spiderman&date=now+1-d&geo=US,,154,Movie,2024-10-02
The Amazing Spider-Man 2,4,The amazing spider-man 2 game,https://trends.google.ca/trends/explore?q=the+amazing+spider-man+2+game&date=now+1-d&geo=US,,154,Movie,2024-10-02
The Amazing Spider-Man 2,5,Watch the amazing spider-man 2,https://trends.google.ca/trends/explore?q=watch+the+amazing+spider-man+2&date=now+1-d&geo=US,,154,Movie,2024-10-02
The Amazing Spider-Man 2,6,Andrew garfield,https://trends.google.ca/trends/explore?q=andrew+garfield&date=now+1-d&geo=US,,154,Movie,2024-10-02
