Query,Line Number,Seed,Link,Rising Value,idType,tagType,Date
The Walking Dead: Daryl Dixon,1,Walking dead spin off shows,https://trends.google.ca/trends/explore?q=walking+dead+spin+off+shows&date=now+1-d&geo=US,Breakout,216,TV Show,2024-10-02
The Walking Dead: Daryl Dixon,2,123movies,https://trends.google.ca/trends/explore?q=123movies&date=now+1-d&geo=US,+200%,216,TV Show,2024-10-02
The Walking Dead: Daryl Dixon,3,Amc plus,https://trends.google.ca/trends/explore?q=amc+plus&date=now+1-d&geo=US,+80%,216,TV Show,2024-10-02
The Walking Dead: Daryl Dixon,4,Twd daryl dixon,https://trends.google.ca/trends/explore?q=twd+daryl+dixon&date=now+1-d&geo=US,+60%,216,TV Show,2024-10-02
The Walking Dead: Daryl Dixon,5,Where can i watch the walking dead daryl dixon,https://trends.google.ca/trends/explore?q=where+can+i+watch+the+walking+dead+daryl+dixon&date=now+1-d&geo=US,+40%,216,TV Show,2024-10-02
