Query,Line Number,Seed,Link,Rising Value,idType,tagType,Date
The Legend of Zelda,1,The legend of zelda echoes of wisdom walkthrough,https://trends.google.ca/trends/explore?q=the+legend+of+zelda+echoes+of+wisdom+walkthrough&date=now+7-d&geo=US,+500%,217,Franchise,2024-10-03
The Legend of Zelda,2,Legend of zelda echoes of wisdom walkthrough,https://trends.google.ca/trends/explore?q=legend+of+zelda+echoes+of+wisdom+walkthrough&date=now+7-d&geo=US,+450%,217,Franchise,2024-10-03
The Legend of Zelda,3,The legend of zelda echoes of wisdom amiibo,https://trends.google.ca/trends/explore?q=the+legend+of+zelda+echoes+of+wisdom+amiibo&date=now+7-d&geo=US,+300%,217,Franchise,2024-10-03
The Legend of Zelda,4,Ryujinx prod keys,https://trends.google.ca/trends/explore?q=ryujinx+prod+keys&date=now+7-d&geo=US,+190%,217,Franchise,2024-10-03
The Legend of Zelda,5,The legend of zelda echoes of wisdom,https://trends.google.ca/trends/explore?q=the+legend+of+zelda+echoes+of+wisdom&date=now+7-d&geo=US,+50%,217,Franchise,2024-10-03
The Legend of Zelda,6,The legend of zelda echoes,https://trends.google.ca/trends/explore?q=the+legend+of+zelda+echoes&date=now+7-d&geo=US,+40%,217,Franchise,2024-10-03
