Query,Line Number,Seed,Link,Rising Value,idType,tagType,Date
The Walking Dead,1,Cassady mcclincy,https://trends.google.ca/trends/explore?q=cassady+mcclincy&date=now+1-d&geo=US,"+3,550%",216,TV Show,2024-10-02
The Walking Dead,2,World war z,https://trends.google.ca/trends/explore?q=world+war+z&date=now+1-d&geo=US,+300%,216,TV Show,2024-10-02
The Walking Dead,3,When does the governor die in the walking dead,https://trends.google.ca/trends/explore?q=when+does+the+governor+die+in+the+walking+dead&date=now+1-d&geo=US,+180%,216,TV Show,2024-10-02
The Walking Dead,4,Where to watch fear the walking dead,https://trends.google.ca/trends/explore?q=where+to+watch+fear+the+walking+dead&date=now+1-d&geo=US,+150%,216,TV Show,2024-10-02
The Walking Dead,5,Alycia debnam carey movies and tv shows,https://trends.google.ca/trends/explore?q=alycia+debnam+carey+movies+and+tv+shows&date=now+1-d&geo=US,+150%,216,TV Show,2024-10-02
The Walking Dead,6,Zoe colletti,https://trends.google.ca/trends/explore?q=zoe+colletti&date=now+1-d&geo=US,+140%,216,TV Show,2024-10-02
The Walking Dead,7,Where to watch the walking dead dead city,https://trends.google.ca/trends/explore?q=where+to+watch+the+walking+dead+dead+city&date=now+1-d&geo=US,+140%,216,TV Show,2024-10-02
The Walking Dead,8,Fear the walking dead season 2 cast,https://trends.google.ca/trends/explore?q=fear+the+walking+dead+season+2+cast&date=now+1-d&geo=US,+130%,216,TV Show,2024-10-02
The Walking Dead,9,Walking dead spin off shows,https://trends.google.ca/trends/explore?q=walking+dead+spin+off+shows&date=now+1-d&geo=US,+90%,216,TV Show,2024-10-02
The Walking Dead,10,What episode does carl die in the walking dead,https://trends.google.ca/trends/explore?q=what+episode+does+carl+die+in+the+walking+dead&date=now+1-d&geo=US,+90%,216,TV Show,2024-10-02
The Walking Dead,11,Game of thrones,https://trends.google.ca/trends/explore?q=game+of+thrones&date=now+1-d&geo=US,+90%,216,TV Show,2024-10-02
The Walking Dead,12,The walking dead video game,https://trends.google.ca/trends/explore?q=the+walking+dead+video+game&date=now+1-d&geo=US,+80%,216,TV Show,2024-10-02
The Walking Dead,13,What happened to carl in the walking dead,https://trends.google.ca/trends/explore?q=what+happened+to+carl+in+the+walking+dead&date=now+1-d&geo=US,+80%,216,TV Show,2024-10-02
The Walking Dead,14,Who kills negan in the walking dead,https://trends.google.ca/trends/explore?q=who+kills+negan+in+the+walking+dead&date=now+1-d&geo=US,+80%,216,TV Show,2024-10-02
The Walking Dead,15,When does chris die in fear the walking dead,https://trends.google.ca/trends/explore?q=when+does+chris+die+in+fear+the+walking+dead&date=now+1-d&geo=US,+80%,216,TV Show,2024-10-02
The Walking Dead,16,When does andrea die in the walking dead,https://trends.google.ca/trends/explore?q=when+does+andrea+die+in+the+walking+dead&date=now+1-d&geo=US,+70%,216,TV Show,2024-10-02
The Walking Dead,17,Twd the ones who live,https://trends.google.ca/trends/explore?q=twd+the+ones+who+live&date=now+1-d&geo=US,+60%,216,TV Show,2024-10-02
The Walking Dead,18,When does hershel die in the walking dead,https://trends.google.ca/trends/explore?q=when+does+hershel+die+in+the+walking+dead&date=now+1-d&geo=US,+60%,216,TV Show,2024-10-02
The Walking Dead,19,Where to stream the walking dead,https://trends.google.ca/trends/explore?q=where+to+stream+the+walking+dead&date=now+1-d&geo=US,+50%,216,TV Show,2024-10-02
The Walking Dead,20,When does travis die in fear the walking dead,https://trends.google.ca/trends/explore?q=when+does+travis+die+in+fear+the+walking+dead&date=now+1-d&geo=US,+50%,216,TV Show,2024-10-02
The Walking Dead,21,Andrew lincoln,https://trends.google.ca/trends/explore?q=andrew+lincoln&date=now+1-d&geo=US,+50%,216,TV Show,2024-10-02
The Walking Dead,22,Does strand die in fear the walking dead,https://trends.google.ca/trends/explore?q=does+strand+die+in+fear+the+walking+dead&date=now+1-d&geo=US,+50%,216,TV Show,2024-10-02
The Walking Dead,23,The governor walking dead,https://trends.google.ca/trends/explore?q=the+governor+walking+dead&date=now+1-d&geo=US,+50%,216,TV Show,2024-10-02
The Walking Dead,24,The walking dead world beyond,https://trends.google.ca/trends/explore?q=the+walking+dead+world+beyond&date=now+1-d&geo=US,+50%,216,TV Show,2024-10-02
The Walking Dead,25,Does travis die in fear the walking dead,https://trends.google.ca/trends/explore?q=does+travis+die+in+fear+the+walking+dead&date=now+1-d&geo=US,+50%,216,TV Show,2024-10-02
