Query,Line Number,Seed,Link,Rising Value,idType,tagType,Date
The Masked Singer,1,The floor season 2,https://trends.google.ca/trends/explore?q=the+floor+season+2&date=now+1-d&geo=US,Breakout,216,TV Show,2024-10-02
The Masked Singer,2,Why is the masked singer not on tonight,https://trends.google.ca/trends/explore?q=why+is+the+masked+singer+not+on+tonight&date=now+1-d&geo=US,Breakout,216,TV Show,2024-10-02
The Masked Singer,3,Who was unmasked on the masked singer tonight,https://trends.google.ca/trends/explore?q=who+was+unmasked+on+the+masked+singer+tonight&date=now+1-d&geo=US,+300%,216,TV Show,2024-10-02
The Masked Singer,4,The floor,https://trends.google.ca/trends/explore?q=the+floor&date=now+1-d&geo=US,+200%,216,TV Show,2024-10-02
The Masked Singer,5,The masked singer winners,https://trends.google.ca/trends/explore?q=the+masked+singer+winners&date=now+1-d&geo=US,+180%,216,TV Show,2024-10-02
The Masked Singer,6,The masked singer reddit,https://trends.google.ca/trends/explore?q=the+masked+singer+reddit&date=now+1-d&geo=US,+160%,216,TV Show,2024-10-02
The Masked Singer,7,Masked singer winners,https://trends.google.ca/trends/explore?q=masked+singer+winners&date=now+1-d&geo=US,+140%,216,TV Show,2024-10-02
The Masked Singer,8,98 degrees,https://trends.google.ca/trends/explore?q=98+degrees&date=now+1-d&geo=US,+140%,216,TV Show,2024-10-02
The Masked Singer,9,Vanessa hudgens,https://trends.google.ca/trends/explore?q=vanessa+hudgens&date=now+1-d&geo=US,+120%,216,TV Show,2024-10-02
The Masked Singer,10,Who is the peacock on the masked singer,https://trends.google.ca/trends/explore?q=who+is+the+peacock+on+the+masked+singer&date=now+1-d&geo=US,+100%,216,TV Show,2024-10-02
The Masked Singer,11,Thelma houston,https://trends.google.ca/trends/explore?q=thelma+houston&date=now+1-d&geo=US,+90%,216,TV Show,2024-10-02
The Masked Singer,12,When is the masked singer on,https://trends.google.ca/trends/explore?q=when+is+the+masked+singer+on&date=now+1-d&geo=US,+80%,216,TV Show,2024-10-02
The Masked Singer,13,The masked singer judges,https://trends.google.ca/trends/explore?q=the+masked+singer+judges&date=now+1-d&geo=US,+70%,216,TV Show,2024-10-02
The Masked Singer,14,The masked singer season 9,https://trends.google.ca/trends/explore?q=the+masked+singer+season+9&date=now+1-d&geo=US,+70%,216,TV Show,2024-10-02
The Masked Singer,15,When does the masked singer start,https://trends.google.ca/trends/explore?q=when+does+the+masked+singer+start&date=now+1-d&geo=US,+70%,216,TV Show,2024-10-02
The Masked Singer,16,Where can i watch the masked singer,https://trends.google.ca/trends/explore?q=where+can+i+watch+the+masked+singer&date=now+1-d&geo=US,+50%,216,TV Show,2024-10-02
The Masked Singer,17,John elway,https://trends.google.ca/trends/explore?q=john+elway&date=now+1-d&geo=US,+40%,216,TV Show,2024-10-02
