Query,Line Number,Seed,Link,Rising Value,idType,tagType,Date
The Flash,1,Flash poll vp debate,https://trends.google.ca/trends/explore?q=flash+poll+vp+debate&date=now+1-d&geo=US,Breakout,216,TV Show,2024-10-02
The Flash,2,Cnn flash poll,https://trends.google.ca/trends/explore?q=cnn+flash+poll&date=now+1-d&geo=US,Breakout,216,TV Show,2024-10-02
The Flash,3,Who won the debate tonight,https://trends.google.ca/trends/explore?q=who+won+the+debate+tonight&date=now+1-d&geo=US,Breakout,216,TV Show,2024-10-02
The Flash,4,The flash 2014 tv series,https://trends.google.ca/trends/explore?q=the+flash+2014+tv+series&date=now+1-d&geo=US,Breakout,216,TV Show,2024-10-02
The Flash,5,Which sociological perspective sees technology and media as a tool individuals use to express how much wealth they have?,https://trends.google.ca/trends/explore?q=which+sociological+perspective+sees+technology+and+media+as+a+tool+individuals+use+to+express+how+much+wealth+they+have?&date=now+1-d&geo=US,Breakout,216,TV Show,2024-10-02
The Flash,6,Volunteer firefighters flash _________ lights.,https://trends.google.ca/trends/explore?q=volunteer+firefighters+flash+_________+lights.&date=now+1-d&geo=US,Breakout,216,TV Show,2024-10-02
The Flash,7,Barry keoghan,https://trends.google.ca/trends/explore?q=barry+keoghan&date=now+1-d&geo=US,Breakout,216,TV Show,2024-10-02
The Flash,8,Super smash flash 2 unblocked,https://trends.google.ca/trends/explore?q=super+smash+flash+2+unblocked&date=now+1-d&geo=US,Breakout,216,TV Show,2024-10-02
The Flash,9,Who plays barry allen in the flash,https://trends.google.ca/trends/explore?q=who+plays+barry+allen+in+the+flash&date=now+1-d&geo=US,Breakout,216,TV Show,2024-10-02
The Flash,10,Osha standards for electrical equipment and systems cover what elements of an electrical installation?,https://trends.google.ca/trends/explore?q=osha+standards+for+electrical+equipment+and+systems+cover+what+elements+of+an+electrical+installation?&date=now+1-d&geo=US,Breakout,216,TV Show,2024-10-02
The Flash,11,The debate about net neutrality consists of two main sides. which of the following is one of those sides?,https://trends.google.ca/trends/explore?q=the+debate+about+net+neutrality+consists+of+two+main+sides.+which+of+the+following+is+one+of+those+sides?&date=now+1-d&geo=US,Breakout,216,TV Show,2024-10-02
The Flash,12,What causes flash floods,https://trends.google.ca/trends/explore?q=what+causes+flash+floods&date=now+1-d&geo=US,Breakout,216,TV Show,2024-10-02
The Flash,13,Suppose that in a lightning flash the potential difference,https://trends.google.ca/trends/explore?q=suppose+that+in+a+lightning+flash+the+potential+difference&date=now+1-d&geo=US,Breakout,216,TV Show,2024-10-02
The Flash,14,"From the functionalist perspective, which of the following is a function of social media?","https://trends.google.ca/trends/explore?q=from+the+functionalist+perspective,+which+of+the+following+is+a+function+of+social+media?&date=now+1-d&geo=US","+4,750%",216,TV Show,2024-10-02
The Flash,15,Debate flash poll,https://trends.google.ca/trends/explore?q=debate+flash+poll&date=now+1-d&geo=US,"+1,300%",216,TV Show,2024-10-02
The Flash,16,Keiynan lonsdale,https://trends.google.ca/trends/explore?q=keiynan+lonsdale&date=now+1-d&geo=US,+550%,216,TV Show,2024-10-02
