Query,Line Number,Seed,Link,Rising Value,idType,tagType,Date
The Masked Singer,1,Who got unmasked on the masked singer,https://trends.google.ca/trends/explore?q=who+got+unmasked+on+the+masked+singer&date=now+1-d&geo=US,Breakout,216,TV Show,2024-10-02
The Masked Singer,2,Boyz ii men,https://trends.google.ca/trends/explore?q=boyz+ii+men&date=now+1-d&geo=US,+650%,216,TV Show,2024-10-02
The Masked Singer,3,The floor,https://trends.google.ca/trends/explore?q=the+floor&date=now+1-d&geo=US,+200%,216,TV Show,2024-10-02
The Masked Singer,4,Masked singer winners,https://trends.google.ca/trends/explore?q=masked+singer+winners&date=now+1-d&geo=US,+150%,216,TV Show,2024-10-02
The Masked Singer,5,Scott porter,https://trends.google.ca/trends/explore?q=scott+porter&date=now+1-d&geo=US,+140%,216,TV Show,2024-10-02
The Masked Singer,6,The masked singer season 9,https://trends.google.ca/trends/explore?q=the+masked+singer+season+9&date=now+1-d&geo=US,+80%,216,TV Show,2024-10-02
The Masked Singer,7,Vanessa hudgens,https://trends.google.ca/trends/explore?q=vanessa+hudgens&date=now+1-d&geo=US,+70%,216,TV Show,2024-10-02
The Masked Singer,8,The masked singer winners,https://trends.google.ca/trends/explore?q=the+masked+singer+winners&date=now+1-d&geo=US,+70%,216,TV Show,2024-10-02
The Masked Singer,9,Where to watch the masked singer,https://trends.google.ca/trends/explore?q=where+to+watch+the+masked+singer&date=now+1-d&geo=US,+50%,216,TV Show,2024-10-02
The Masked Singer,10,When does the masked singer come on,https://trends.google.ca/trends/explore?q=when+does+the+masked+singer+come+on&date=now+1-d&geo=US,+40%,216,TV Show,2024-10-02
