Query,Line Number,Seed,Link,Rising Value,idType,tagType,Date
The Defenders,1,The bronx defenders,https://trends.google.ca/trends/explore?q=the+bronx+defenders&date=now+1-d&geo=US,+150%,216,TV Show,2024-10-02
The Defenders,2,Defenders of the wild board game,https://trends.google.ca/trends/explore?q=defenders+of+the+wild+board+game&date=now+1-d&geo=US,+130%,216,TV Show,2024-10-02
The Defenders,3,The debt defenders b,https://trends.google.ca/trends/explore?q=the+debt+defenders+b&date=now+1-d&geo=US,+60%,216,TV Show,2024-10-02
The Defenders,4,Defenders of the west,https://trends.google.ca/trends/explore?q=defenders+of+the+west&date=now+1-d&geo=US,+60%,216,TV Show,2024-10-02
