Query,Line Number,Seed,Link,Rising Value,idType,tagType,Date
The Batman Part II,1,Colin farrell,https://trends.google.ca/trends/explore?q=colin+farrell&date=now+1-d&geo=US,+450%,154,Movie,2024-10-02
The Batman Part II,2,Joker 2,https://trends.google.ca/trends/explore?q=joker+2&date=now+1-d&geo=US,+130%,154,Movie,2024-10-02
The Batman Part II,3,Joker,https://trends.google.ca/trends/explore?q=joker&date=now+1-d&geo=US,+50%,154,Movie,2024-10-02
The Batman Part II,4,Barry keoghan,https://trends.google.ca/trends/explore?q=barry+keoghan&date=now+1-d&geo=US,+50%,154,Movie,2024-10-02
