Query,Line Number,Seed,Link,Rising Value,idType,tagType,Date
Too Hot To Handle,1,Too hot to handle season 4 cast,https://trends.google.ca/trends/explore?q=too+hot+to+handle+season+4+cast&date=now+1-d&geo=US,+250%,216,TV Show,2024-10-02
Too Hot To Handle,2,Too hot to handle season 2 cast,https://trends.google.ca/trends/explore?q=too+hot+to+handle+season+2+cast&date=now+1-d&geo=US,+130%,216,TV Show,2024-10-02
Too Hot To Handle,3,Too hot to handle season 7,https://trends.google.ca/trends/explore?q=too+hot+to+handle+season+7&date=now+1-d&geo=US,+120%,216,TV Show,2024-10-02
Too Hot To Handle,4,Katherine too hot to handle,https://trends.google.ca/trends/explore?q=katherine+too+hot+to+handle&date=now+1-d&geo=US,+80%,216,TV Show,2024-10-02
Too Hot To Handle,5,Valentina too hot to handle season 6,https://trends.google.ca/trends/explore?q=valentina+too+hot+to+handle+season+6&date=now+1-d&geo=US,+70%,216,TV Show,2024-10-02
Too Hot To Handle,6,Georgia too hot to handle,https://trends.google.ca/trends/explore?q=georgia+too+hot+to+handle&date=now+1-d&geo=US,+60%,216,TV Show,2024-10-02
Too Hot To Handle,7,Francesca farago,https://trends.google.ca/trends/explore?q=francesca+farago&date=now+1-d&geo=US,+50%,216,TV Show,2024-10-02
Too Hot To Handle,8,Perfect match,https://trends.google.ca/trends/explore?q=perfect+match&date=now+1-d&geo=US,+50%,216,TV Show,2024-10-02
