Query,Line Number,Seed,Link,Rising Value,Date
 Tourist,1,Modern tourist guelph,https://trends.google.ca/trends/explore?q=modern+tourist+guelph&date=now+1-d&geo=CA,Breakout,2024-09-27
 Tourist,2,Canada tourist visa processing time,https://trends.google.ca/trends/explore?q=canada+tourist+visa+processing+time&date=now+1-d&geo=CA,+120%,2024-09-27
 Tourist,3,Japan tourist visa,https://trends.google.ca/trends/explore?q=japan+tourist+visa&date=now+1-d&geo=CA,+110%,2024-09-27
 Tourist,4,Niagara falls,https://trends.google.ca/trends/explore?q=niagara+falls&date=now+1-d&geo=CA,+110%,2024-09-27
 Tourist,5,Vancouver tourist attractions,https://trends.google.ca/trends/explore?q=vancouver+tourist+attractions&date=now+1-d&geo=CA,+100%,2024-09-27
 Tourist,6,Tourist attraction near me,https://trends.google.ca/trends/explore?q=tourist+attraction+near+me&date=now+1-d&geo=CA,+100%,2024-09-27
 Tourist,7,Armchair tourist,https://trends.google.ca/trends/explore?q=armchair+tourist&date=now+1-d&geo=CA,+90%,2024-09-27
 Tourist,8,Us tourist visa from canada,https://trends.google.ca/trends/explore?q=us+tourist+visa+from+canada&date=now+1-d&geo=CA,+70%,2024-09-27
