Query,Line Number,Seed,Link,Rising Value,idType,tagType,Date
Toy Story,1,Toy story 2 location,https://trends.google.ca/trends/explore?q=toy+story+2+location&date=now+1-d&geo=US,Breakout,217,Franchise,2024-10-02
Toy Story,2,I second that emotion,https://trends.google.ca/trends/explore?q=i+second+that+emotion&date=now+1-d&geo=US,Breakout,217,Franchise,2024-10-02
Toy Story,3,Doozy crossword,https://trends.google.ca/trends/explore?q=doozy+crossword&date=now+1-d&geo=US,Breakout,217,Franchise,2024-10-02
Toy Story,4,Posh peanut toy story,https://trends.google.ca/trends/explore?q=posh+peanut+toy+story&date=now+1-d&geo=US,+450%,217,Franchise,2024-10-02
Toy Story,5,Shrek characters,https://trends.google.ca/trends/explore?q=shrek+characters&date=now+1-d&geo=US,+350%,217,Franchise,2024-10-02
Toy Story,6,When did toy story 4 come out,https://trends.google.ca/trends/explore?q=when+did+toy+story+4+come+out&date=now+1-d&geo=US,+250%,217,Franchise,2024-10-02
Toy Story,7,Don rickles toy story,https://trends.google.ca/trends/explore?q=don+rickles+toy+story&date=now+1-d&geo=US,+250%,217,Franchise,2024-10-02
Toy Story,8,Mean kid from toy story,https://trends.google.ca/trends/explore?q=mean+kid+from+toy+story&date=now+1-d&geo=US,+150%,217,Franchise,2024-10-02
Toy Story,9,Toy story 3 bear,https://trends.google.ca/trends/explore?q=toy+story+3+bear&date=now+1-d&geo=US,+90%,217,Franchise,2024-10-02
Toy Story,10,Cow print chaps,https://trends.google.ca/trends/explore?q=cow+print+chaps&date=now+1-d&geo=US,+80%,217,Franchise,2024-10-02
Toy Story,11,Toy story 2 villain,https://trends.google.ca/trends/explore?q=toy+story+2+villain&date=now+1-d&geo=US,+80%,217,Franchise,2024-10-02
Toy Story,12,Toy story birthday invitations,https://trends.google.ca/trends/explore?q=toy+story+birthday+invitations&date=now+1-d&geo=US,+70%,217,Franchise,2024-10-02
Toy Story,13,Al from toy story 2,https://trends.google.ca/trends/explore?q=al+from+toy+story+2&date=now+1-d&geo=US,+60%,217,Franchise,2024-10-02
Toy Story,14,Toy story that time forgot,https://trends.google.ca/trends/explore?q=toy+story+that+time+forgot&date=now+1-d&geo=US,+60%,217,Franchise,2024-10-02
Toy Story,15,Toy story halloween costumes family,https://trends.google.ca/trends/explore?q=toy+story+halloween+costumes+family&date=now+1-d&geo=US,+60%,217,Franchise,2024-10-02
Toy Story,16,Cars 4,https://trends.google.ca/trends/explore?q=cars+4&date=now+1-d&geo=US,+60%,217,Franchise,2024-10-02
Toy Story,17,Jessy toy story,https://trends.google.ca/trends/explore?q=jessy+toy+story&date=now+1-d&geo=US,+50%,217,Franchise,2024-10-02
Toy Story,18,Mrs potato head costume,https://trends.google.ca/trends/explore?q=mrs+potato+head+costume&date=now+1-d&geo=US,+50%,217,Franchise,2024-10-02
Toy Story,19,Tom hanks,https://trends.google.ca/trends/explore?q=tom+hanks&date=now+1-d&geo=US,+50%,217,Franchise,2024-10-02
Toy Story,20,Jesse from toy story,https://trends.google.ca/trends/explore?q=jesse+from+toy+story&date=now+1-d&geo=US,+50%,217,Franchise,2024-10-02
Toy Story,21,Toy story costumes for family,https://trends.google.ca/trends/explore?q=toy+story+costumes+for+family&date=now+1-d&geo=US,+40%,217,Franchise,2024-10-02
Toy Story,22,Sid toy story 3,https://trends.google.ca/trends/explore?q=sid+toy+story+3&date=now+1-d&geo=US,+40%,217,Franchise,2024-10-02
Toy Story,23,Moana 2,https://trends.google.ca/trends/explore?q=moana+2&date=now+1-d&geo=US,+40%,217,Franchise,2024-10-02
