Query,Line Number,Seed,Link,Rising Value,idType,tagType,Date
Toy Story 4,1,Benson toy story 4,https://trends.google.ca/trends/explore?q=benson+toy+story+4&date=now+1-d&geo=US,Breakout,154,Movie,2024-10-02
Toy Story 4,2,Toy story 4 trailer,https://trends.google.ca/trends/explore?q=toy+story+4+trailer&date=now+1-d&geo=US,+190%,154,Movie,2024-10-02
Toy Story 4,3,Inside out 2,https://trends.google.ca/trends/explore?q=inside+out+2&date=now+1-d&geo=US,+60%,154,Movie,2024-10-02
Toy Story 4,4,Toy story 4 characters,https://trends.google.ca/trends/explore?q=toy+story+4+characters&date=now+1-d&geo=US,+50%,154,Movie,2024-10-02
Toy Story 4,5,Toy story 3 characters,https://trends.google.ca/trends/explore?q=toy+story+3+characters&date=now+1-d&geo=US,+50%,154,Movie,2024-10-02
