Query,Line Number,Seed,Link,Rising Value,Date
 Tree,1,Tree nuts,https://trends.google.ca/trends/explore?q=tree+nuts&date=now+1-H&geo=CA,Breakout,2024-09-27
 Tree,2,Chokecherry tree,https://trends.google.ca/trends/explore?q=chokecherry+tree&date=now+1-H&geo=CA,Breakout,2024-09-27
 Tree,3,Pine tree,https://trends.google.ca/trends/explore?q=pine+tree&date=now+1-H&geo=CA,+80%,2024-09-27
 Tree,4,Tulip tree,https://trends.google.ca/trends/explore?q=tulip+tree&date=now+1-H&geo=CA,+80%,2024-09-27
 Tree,5,Oliver tree,https://trends.google.ca/trends/explore?q=oliver+tree&date=now+1-H&geo=CA,+70%,2024-09-27
 Tree,6,Oak tree,https://trends.google.ca/trends/explore?q=oak+tree&date=now+1-H&geo=CA,+60%,2024-09-27
 Tree,7,Willow tree,https://trends.google.ca/trends/explore?q=willow+tree&date=now+1-H&geo=CA,+50%,2024-09-27
