Query,Line Number,Seed,Link,Rising Value,idType,tagType,Date
Vikings,1,Green bay packers vs minnesota vikings match player stats,https://trends.google.ca/trends/explore?q=green+bay+packers+vs+minnesota+vikings+match+player+stats&date=now+7-d&geo=US,Breakout,216,TV Show,2024-10-03
Vikings,2,Green bay packers vs minnesota vikings stats,https://trends.google.ca/trends/explore?q=green+bay+packers+vs+minnesota+vikings+stats&date=now+7-d&geo=US,Breakout,216,TV Show,2024-10-03
Vikings,3,Steelers vs indianapolis colts match player stats,https://trends.google.ca/trends/explore?q=steelers+vs+indianapolis+colts+match+player+stats&date=now+7-d&geo=US,Breakout,216,TV Show,2024-10-03
Vikings,4,Denver broncos vs new york jets match player stats,https://trends.google.ca/trends/explore?q=denver+broncos+vs+new+york+jets+match+player+stats&date=now+7-d&geo=US,Breakout,216,TV Show,2024-10-03
Vikings,5,Los angeles rams vs chicago bears match player stats,https://trends.google.ca/trends/explore?q=los+angeles+rams+vs+chicago+bears+match+player+stats&date=now+7-d&geo=US,"+4,350%",216,TV Show,2024-10-03
Vikings,6,Where to watch green bay packers vs minnesota vikings,https://trends.google.ca/trends/explore?q=where+to+watch+green+bay+packers+vs+minnesota+vikings&date=now+7-d&geo=US,"+4,200%",216,TV Show,2024-10-03
Vikings,7,Washington commanders vs arizona cardinals match player stats,https://trends.google.ca/trends/explore?q=washington+commanders+vs+arizona+cardinals+match+player+stats&date=now+7-d&geo=US,"+4,200%",216,TV Show,2024-10-03
Vikings,8,New orleans saints vs atlanta falcons match player stats,https://trends.google.ca/trends/explore?q=new+orleans+saints+vs+atlanta+falcons+match+player+stats&date=now+7-d&geo=US,"+4,000%",216,TV Show,2024-10-03
Vikings,9,Bengals vs carolina panthers match player stats,https://trends.google.ca/trends/explore?q=bengals+vs+carolina+panthers+match+player+stats&date=now+7-d&geo=US,"+3,650%",216,TV Show,2024-10-03
Vikings,10,Green bay packers vs minnesota vikings,https://trends.google.ca/trends/explore?q=green+bay+packers+vs+minnesota+vikings&date=now+7-d&geo=US,"+3,500%",216,TV Show,2024-10-03
Vikings,11,Jacksonville jaguars vs houston texans match player stats,https://trends.google.ca/trends/explore?q=jacksonville+jaguars+vs+houston+texans+match+player+stats&date=now+7-d&geo=US,"+1,900%",216,TV Show,2024-10-03
Vikings,12,Bengals vs panthers,https://trends.google.ca/trends/explore?q=bengals+vs+panthers&date=now+7-d&geo=US,"+1,550%",216,TV Show,2024-10-03
Vikings,13,Vikings vs green bay,https://trends.google.ca/trends/explore?q=vikings+vs+green+bay&date=now+7-d&geo=US,"+1,250%",216,TV Show,2024-10-03
Vikings,14,Joe flacco,https://trends.google.ca/trends/explore?q=joe+flacco&date=now+7-d&geo=US,"+1,250%",216,TV Show,2024-10-03
Vikings,15,Broncos vs jets,https://trends.google.ca/trends/explore?q=broncos+vs+jets&date=now+7-d&geo=US,+900%,216,TV Show,2024-10-03
Vikings,16,Philadelphia eagles vs tampa bay buccaneers match player stats,https://trends.google.ca/trends/explore?q=philadelphia+eagles+vs+tampa+bay+buccaneers+match+player+stats&date=now+7-d&geo=US,+900%,216,TV Show,2024-10-03
Vikings,17,Minnesota vikings green bay packers,https://trends.google.ca/trends/explore?q=minnesota+vikings+green+bay+packers&date=now+7-d&geo=US,+800%,216,TV Show,2024-10-03
Vikings,18,Jaguars vs texans,https://trends.google.ca/trends/explore?q=jaguars+vs+texans&date=now+7-d&geo=US,+800%,216,TV Show,2024-10-03
Vikings,19,Commanders vs cardinals,https://trends.google.ca/trends/explore?q=commanders+vs+cardinals&date=now+7-d&geo=US,+700%,216,TV Show,2024-10-03
Vikings,20,Falcons vs saints,https://trends.google.ca/trends/explore?q=falcons+vs+saints&date=now+7-d&geo=US,+700%,216,TV Show,2024-10-03
Vikings,21,New england patriots vs 49ers match player stats,https://trends.google.ca/trends/explore?q=new+england+patriots+vs+49ers+match+player+stats&date=now+7-d&geo=US,+650%,216,TV Show,2024-10-03
Vikings,22,Vikings vs packers,https://trends.google.ca/trends/explore?q=vikings+vs+packers&date=now+7-d&geo=US,+600%,216,TV Show,2024-10-03
Vikings,23,Kansas city chiefs vs chargers match player stats,https://trends.google.ca/trends/explore?q=kansas+city+chiefs+vs+chargers+match+player+stats&date=now+7-d&geo=US,+500%,216,TV Show,2024-10-03
Vikings,24,Patriots vs 49ers,https://trends.google.ca/trends/explore?q=patriots+vs+49ers&date=now+7-d&geo=US,+400%,216,TV Show,2024-10-03
Vikings,25,Green bay packers,https://trends.google.ca/trends/explore?q=green+bay+packers&date=now+7-d&geo=US,+400%,216,TV Show,2024-10-03
