Query,Line Number,Seed,Link,Rising Value,idType,tagType,Date
X-Men,1,Avengers vs. x-men,https://trends.google.ca/trends/explore?q=avengers+vs.+x-men&date=now+7-d&geo=US,"+1,500%",217,Franchise,2024-10-03
X-Men,2,X-men days of future past full movie,https://trends.google.ca/trends/explore?q=x-men+days+of+future+past+full+movie&date=now+7-d&geo=US,+600%,217,Franchise,2024-10-03
X-Men,3,X-men young charles xavier actor,https://trends.google.ca/trends/explore?q=x-men+young+charles+xavier+actor&date=now+7-d&geo=US,+180%,217,Franchise,2024-10-03
X-Men,4,Lynn collins,https://trends.google.ca/trends/explore?q=lynn+collins&date=now+7-d&geo=US,+180%,217,Franchise,2024-10-03
X-Men,5,X-men apocalypse jean grey actress,https://trends.google.ca/trends/explore?q=x-men+apocalypse+jean+grey+actress&date=now+7-d&geo=US,+160%,217,Franchise,2024-10-03
X-Men,6,Tyler mane,https://trends.google.ca/trends/explore?q=tyler+mane&date=now+7-d&geo=US,+140%,217,Franchise,2024-10-03
X-Men,7,X-men #5,https://trends.google.ca/trends/explore?q=x-men+%235&date=now+7-d&geo=US,+120%,217,Franchise,2024-10-03
X-Men,8,X-men chronological order imdb,https://trends.google.ca/trends/explore?q=x-men+chronological+order+imdb&date=now+7-d&geo=US,+110%,217,Franchise,2024-10-03
X-Men,9,1994 fleer ultra x-men,https://trends.google.ca/trends/explore?q=1994+fleer+ultra+x-men&date=now+7-d&geo=US,+100%,217,Franchise,2024-10-03
X-Men,10,Wolverine costume,https://trends.google.ca/trends/explore?q=wolverine+costume&date=now+7-d&geo=US,+100%,217,Franchise,2024-10-03
X-Men,11,Is x-men marvel or dc,https://trends.google.ca/trends/explore?q=is+x-men+marvel+or+dc&date=now+7-d&geo=US,+90%,217,Franchise,2024-10-03
X-Men,12,How to watch x-men movies in order quora,https://trends.google.ca/trends/explore?q=how+to+watch+x-men+movies+in+order+quora&date=now+7-d&geo=US,+70%,217,Franchise,2024-10-03
X-Men,13,Ryan reynolds movies,https://trends.google.ca/trends/explore?q=ryan+reynolds+movies&date=now+7-d&geo=US,+70%,217,Franchise,2024-10-03
X-Men,14,Deadpool 3,https://trends.google.ca/trends/explore?q=deadpool+3&date=now+7-d&geo=US,+60%,217,Franchise,2024-10-03
X-Men,15,X men the animated series,https://trends.google.ca/trends/explore?q=x+men+the+animated+series&date=now+7-d&geo=US,+60%,217,Franchise,2024-10-03
X-Men,16,Ian mckellen,https://trends.google.ca/trends/explore?q=ian+mckellen&date=now+7-d&geo=US,+60%,217,Franchise,2024-10-03
X-Men,17,Taylor kitsch,https://trends.google.ca/trends/explore?q=taylor+kitsch&date=now+7-d&geo=US,+50%,217,Franchise,2024-10-03
X-Men,18,X-men origins wolverine gambit,https://trends.google.ca/trends/explore?q=x-men+origins+wolverine+gambit&date=now+7-d&geo=US,+50%,217,Franchise,2024-10-03
X-Men,19,Male x-men characters,https://trends.google.ca/trends/explore?q=male+x-men+characters&date=now+7-d&geo=US,+50%,217,Franchise,2024-10-03
X-Men,20,Avengers,https://trends.google.ca/trends/explore?q=avengers&date=now+7-d&geo=US,+50%,217,Franchise,2024-10-03
