Query,Line Number,Seed,Link,Rising Value,idType,tagType,Date
Yellowjackets,1,Where can i watch yellowjackets season 2,https://trends.google.ca/trends/explore?q=where+can+i+watch+yellowjackets+season+2&date=now+1-d&geo=US,Breakout,216,TV Show,2024-10-02
Yellowjackets,2,Is yellowjackets season 2 on netflix,https://trends.google.ca/trends/explore?q=is+yellowjackets+season+2+on+netflix&date=now+1-d&geo=US,Breakout,216,TV Show,2024-10-02
Yellowjackets,3,Where to watch season 2 of yellowjackets,https://trends.google.ca/trends/explore?q=where+to+watch+season+2+of+yellowjackets&date=now+1-d&geo=US,Breakout,216,TV Show,2024-10-02
Yellowjackets,4,How did jackie die yellowjackets,https://trends.google.ca/trends/explore?q=how+did+jackie+die+yellowjackets&date=now+1-d&geo=US,Breakout,216,TV Show,2024-10-02
Yellowjackets,5,Juliette lewis movies and tv shows,https://trends.google.ca/trends/explore?q=juliette+lewis+movies+and+tv+shows&date=now+1-d&geo=US,Breakout,216,TV Show,2024-10-02
Yellowjackets,6,Where to stream yellowjackets,https://trends.google.ca/trends/explore?q=where+to+stream+yellowjackets&date=now+1-d&geo=US,Breakout,216,TV Show,2024-10-02
Yellowjackets,7,Where can i watch season 2 of yellowjackets,https://trends.google.ca/trends/explore?q=where+can+i+watch+season+2+of+yellowjackets&date=now+1-d&geo=US,Breakout,216,TV Show,2024-10-02
Yellowjackets,8,Is there a new season of yellowjackets,https://trends.google.ca/trends/explore?q=is+there+a+new+season+of+yellowjackets&date=now+1-d&geo=US,Breakout,216,TV Show,2024-10-02
Yellowjackets,9,Loxipene,https://trends.google.ca/trends/explore?q=loxipene&date=now+1-d&geo=US,Breakout,216,TV Show,2024-10-02
Yellowjackets,10,Who sent the postcards in yellowjackets,https://trends.google.ca/trends/explore?q=who+sent+the+postcards+in+yellowjackets&date=now+1-d&geo=US,Breakout,216,TV Show,2024-10-02
Yellowjackets,11,Yellowjackets 2021,https://trends.google.ca/trends/explore?q=yellowjackets+2021&date=now+1-d&geo=US,Breakout,216,TV Show,2024-10-02
Yellowjackets,12,Maleficent,https://trends.google.ca/trends/explore?q=maleficent&date=now+1-d&geo=US,Breakout,216,TV Show,2024-10-02
Yellowjackets,13,What is the symbol in yellowjackets,https://trends.google.ca/trends/explore?q=what+is+the+symbol+in+yellowjackets&date=now+1-d&geo=US,Breakout,216,TV Show,2024-10-02
Yellowjackets,14,Does van die in yellowjackets,https://trends.google.ca/trends/explore?q=does+van+die+in+yellowjackets&date=now+1-d&geo=US,Breakout,216,TV Show,2024-10-02
Yellowjackets,15,Akilah yellowjackets,https://trends.google.ca/trends/explore?q=akilah+yellowjackets&date=now+1-d&geo=US,Breakout,216,TV Show,2024-10-02
Yellowjackets,16,Stranger things cast,https://trends.google.ca/trends/explore?q=stranger+things+cast&date=now+1-d&geo=US,Breakout,216,TV Show,2024-10-02
Yellowjackets,17,Will there be a season 2 of yellowjackets,https://trends.google.ca/trends/explore?q=will+there+be+a+season+2+of+yellowjackets&date=now+1-d&geo=US,Breakout,216,TV Show,2024-10-02
Yellowjackets,18,Rekha sharma,https://trends.google.ca/trends/explore?q=rekha+sharma&date=now+1-d&geo=US,"+5,000%",216,TV Show,2024-10-02
Yellowjackets,19,Cast of yellowjackets young and old,https://trends.google.ca/trends/explore?q=cast+of+yellowjackets+young+and+old&date=now+1-d&geo=US,"+4,850%",216,TV Show,2024-10-02
Yellowjackets,20,Who plays misty in yellowjackets,https://trends.google.ca/trends/explore?q=who+plays+misty+in+yellowjackets&date=now+1-d&geo=US,"+4,800%",216,TV Show,2024-10-02
Yellowjackets,21,I saw the tv glow,https://trends.google.ca/trends/explore?q=i+saw+the+tv+glow&date=now+1-d&geo=US,"+4,300%",216,TV Show,2024-10-02
Yellowjackets,22,What happened to javi in yellowjackets,https://trends.google.ca/trends/explore?q=what+happened+to+javi+in+yellowjackets&date=now+1-d&geo=US,"+3,900%",216,TV Show,2024-10-02
Yellowjackets,23,Christina ricci movies and tv shows,https://trends.google.ca/trends/explore?q=christina+ricci+movies+and+tv+shows&date=now+1-d&geo=US,"+3,350%",216,TV Show,2024-10-02
Yellowjackets,24,Yellowjackets reparto,https://trends.google.ca/trends/explore?q=yellowjackets+reparto&date=now+1-d&geo=US,"+1,450%",216,TV Show,2024-10-02
Yellowjackets,25,Rebel ridge,https://trends.google.ca/trends/explore?q=rebel+ridge&date=now+1-d&geo=US,"+1,450%",216,TV Show,2024-10-02
