Query,Line Number,Seed,Link,Rising Value,idType,tagType,Date
You,1,When your child drives you crazy,https://trends.google.ca/trends/explore?q=when+your+child+drives+you+crazy&date=now+1-d&geo=US,"+2,950%",216,TV Show,2024-10-02
You,2,Thank you for describing the legal process,https://trends.google.ca/trends/explore?q=thank+you+for+describing+the+legal+process&date=now+1-d&geo=US,"+1,700%",216,TV Show,2024-10-02
You,3,Can you yell fire in a theater,https://trends.google.ca/trends/explore?q=can+you+yell+fire+in+a+theater&date=now+1-d&geo=US,+650%,216,TV Show,2024-10-02
You,4,Thank you for explaining the legal process,https://trends.google.ca/trends/explore?q=thank+you+for+explaining+the+legal+process&date=now+1-d&geo=US,+550%,216,TV Show,2024-10-02
You,5,Do you say happy rosh hashanah,https://trends.google.ca/trends/explore?q=do+you+say+happy+rosh+hashanah&date=now+1-d&geo=US,+350%,216,TV Show,2024-10-02
You,6,What do you say on rosh hashanah,https://trends.google.ca/trends/explore?q=what+do+you+say+on+rosh+hashanah&date=now+1-d&geo=US,+300%,216,TV Show,2024-10-02
You,7,What do you say for rosh hashanah,https://trends.google.ca/trends/explore?q=what+do+you+say+for+rosh+hashanah&date=now+1-d&geo=US,+300%,216,TV Show,2024-10-02
You,8,How do you say happy rosh hashanah,https://trends.google.ca/trends/explore?q=how+do+you+say+happy+rosh+hashanah&date=now+1-d&geo=US,+250%,216,TV Show,2024-10-02
You,9,How old do you have to be to be president,https://trends.google.ca/trends/explore?q=how+old+do+you+have+to+be+to+be+president&date=now+1-d&geo=US,+180%,216,TV Show,2024-10-02
