Query,Line Number,Seed,Link,Rising Value,idType,tagType,Date
Yu-Gi-Oh!,1,Yu-gi-oh karten,https://trends.google.ca/trends/explore?q=yu-gi-oh+karten&date=now+7-d&geo=US,+550%,217,Franchise,2024-10-03
Yu-Gi-Oh!,2,Yu-gi-oh bonds beyond time,https://trends.google.ca/trends/explore?q=yu-gi-oh+bonds+beyond+time&date=now+7-d&geo=US,+120%,217,Franchise,2024-10-03
Yu-Gi-Oh!,3,Yu-gi-oh 25th anniversary rarity collection,https://trends.google.ca/trends/explore?q=yu-gi-oh+25th+anniversary+rarity+collection&date=now+7-d&geo=US,+120%,217,Franchise,2024-10-03
Yu-Gi-Oh!,4,Yu-gi-oh rush duel,https://trends.google.ca/trends/explore?q=yu-gi-oh+rush+duel&date=now+7-d&geo=US,+120%,217,Franchise,2024-10-03
Yu-Gi-Oh!,5,Yu-gi-oh millennium items,https://trends.google.ca/trends/explore?q=yu-gi-oh+millennium+items&date=now+7-d&geo=US,+100%,217,Franchise,2024-10-03
Yu-Gi-Oh!,6,Yu-gi-oh 5ds,https://trends.google.ca/trends/explore?q=yu-gi-oh+5ds&date=now+7-d&geo=US,+90%,217,Franchise,2024-10-03
Yu-Gi-Oh!,7,Yu-gi-oh duel links meta,https://trends.google.ca/trends/explore?q=yu-gi-oh+duel+links+meta&date=now+7-d&geo=US,+90%,217,Franchise,2024-10-03
Yu-Gi-Oh!,8,Yu-gi-oh the dark side of dimensions,https://trends.google.ca/trends/explore?q=yu-gi-oh+the+dark+side+of+dimensions&date=now+7-d&geo=US,+70%,217,Franchise,2024-10-03
Yu-Gi-Oh!,9,Yu-gi-oh arc-v,https://trends.google.ca/trends/explore?q=yu-gi-oh+arc-v&date=now+7-d&geo=US,+70%,217,Franchise,2024-10-03
